Primary Key,Order Date,Manufacturer,Product Category,Complaint,Part Description,Cost_Numeric,Actual Hours,Year
SO0005588-1,2022-04-30,PASEIH,APPL,"No cab heat, temp gauge dont get to operating temp.",NO.1-15W40 CJ4QT,96.1999,6.3798,2022
SO0005907-1,2022-04-30,PASEIH,APPL,"No cab heat, temp gauge dont get to operating temp.",FLUID,22.68,6.3798,2022
SO0006100-1,2022-04-30,PASEIH,APPL,"No cab heat, temp gauge dont get to operating temp.",ACTIFUL OT PREMIX,78.3,6.3798,2022
SO0006642-1,2022-04-30,PASEIH,APPL,"No cab heat, temp gauge dont get to operating temp.",FILTER  ENGINE OIL,99.79,6.3798,2022
SO0018457-1,2022-04-30,PASEIH,APPL,"No cab heat, temp gauge dont get to operating temp.",LOCTITE,5.5099,6.3798,2022
SO0018457-2,2022-05-09,PASEIH,APPL,Alternator not charging.,REMAN-ALTERNATOR - CORE,-40.0,3.68,2022
SO0018457-2,2022-05-09,PASEIH,APPL,Alternator not charging.,REMAN-ALTERNATOR - CORE,-40.0,3.68,2022
SO0018596-10,2022-05-25,PASEIH,APPL,Still losing oil. would like this address now. Engine codes- Reference Service Order -5588,ACTIFUL OT PREMIX,168.8199,60.06960000000001,2022
SO0018596-11,2022-05-25,PASEIH,APPL,Still losing oil. would like this address now. Engine codes- Reference Service Order -5588,BELT,47.56,60.06960000000001,2022
SO0018596-12,2022-05-25,PASEIH,APPL,Still losing oil. would like this address now. Engine codes- Reference Service Order -5588,FILTER  ELEMENT,120.2,60.06960000000001,2022
SO0018596-13,2022-05-25,PASEIH,APPL,Still losing oil. would like this address now. Engine codes- Reference Service Order -5588,HOSE,170.31,60.06960000000001,2022
SO0018596-3,2022-05-09,PASEIH,APPL,Alternator not charging.,REMAN-ALTERNATOR,345.8299,3.68,2022
SO0018596-4,2022-05-12,PASEIH,APPL,Having fan belt issues,TENSIONER  BELT,153.3,2.2199999999999998,2022
SO0018596-5,2022-05-12,PASEIH,APPL,Having fan belt issues,BULK HYTRAN/SHOP,2.54,2.2199999999999998,2022
SO0018596-6,2022-05-25,PASEIH,APPL,Still losing oil. would like this address now. Engine codes- Reference Service Order -5588,O-RING,0.94,60.06960000000001,2022
SO0020073-1,2022-05-25,PASEIH,APPL,Still losing oil. would like this address now. Engine codes- Reference Service Order -5588,HOSE,93.75,60.06960000000001,2022
SO0020073-2,2022-05-25,PASEIH,APPL,Still losing oil. would like this address now. Engine codes- Reference Service Order -5588,MOBIL DELVAC SYN AFT,81.7,60.06960000000001,2022
SO0020073-6,2022-05-25,PASEIH,APPL,Still losing oil. would like this address now. Engine codes- Reference Service Order -5588,LATCH,44.73,60.06960000000001,2022
SO0020073-7,2022-05-25,PASEIH,APPL,Still losing oil. would like this address now. Engine codes- Reference Service Order -5588,TENSIONER,240.12,60.06960000000001,2022
SO0020529-2,2022-05-25,PASEIH,APPL,Still losing oil. would like this address now. Engine codes- Reference Service Order -5588,3/8 FUEL HOSE,11.27,60.06960000000001,2022
SO0022590-3,2022-05-25,PASEIH,APPL,Still losing oil. would like this address now. Engine codes- Reference Service Order -5588,BRAKE CLEANER,9.79,60.06960000000001,2022
SO0023561-1,2022-05-25,PASEIH,APPL,Still losing oil. would like this address now. Engine codes- Reference Service Order -5588,REMAN ENGINE,28636.33,60.06960000000001,2022
SO0023561-3,2022-05-25,PASEIH,APPL,Still losing oil. would like this address now. Engine codes- Reference Service Order -5588,REMAN ENGINE,-3000.0,60.06960000000001,2022
SO0023561-4,2022-05-25,PASEIH,APPL,Still losing oil. would like this address now. Engine codes- Reference Service Order -5588,CLAMP,34.8,60.06960000000001,2022
SO0024239-1,2022-05-25,PASEIH,APPL,Still losing oil. would like this address now. Engine codes- Reference Service Order -5588,BOLT  FLANGE,2.6099,60.06960000000001,2022
SO0024239-2,2022-05-25,PASEIH,APPL,Still losing oil. would like this address now. Engine codes- Reference Service Order -5588,O-RING,5.5499,60.06960000000001,2022
SO0024239-4,2022-05-25,PASEIH,APPL,Still losing oil. would like this address now. Engine codes- Reference Service Order -5588,PAG OIL SINGLE,19.8,60.06960000000001,2022
SO0024736-7,2022-05-25,PASEIH,APPL,Still losing oil. would like this address now. Engine codes- Reference Service Order -5588,O-RING,1.62,60.06960000000001,2022
SO0024736-8,2022-05-25,PASEIH,APPL,Still losing oil. would like this address now. Engine codes- Reference Service Order -5588,O-RING,2.3999,60.06960000000001,2022
SO0024736-9,2022-05-25,PASEIH,APPL,Still losing oil. would like this address now. Engine codes- Reference Service Order -5588,NO.1-15W40 CJ4QT,65.0,60.06960000000001,2022
SO0024816-1,2022-05-25,PASEIH,APPL,Still losing oil. would like this address now. Engine codes- Reference Service Order -5588,GASKET,5.99,60.06960000000001,2022
SO0024816-15,2022-05-25,PASEIH,APPL,Still losing oil. would like this address now. Engine codes- Reference Service Order -5588,FILTER RECEIVERDRYER,41.8999,60.06960000000001,2022
SO0024816-16,2022-05-25,PASEIH,APPL,Still losing oil. would like this address now. Engine codes- Reference Service Order -5588,BELT TENSIONER,129.0,60.06960000000001,2022
SO0024816-17,2022-05-25,PASEIH,APPL,Still losing oil. would like this address now. Engine codes- Reference Service Order -5588,TENSIONER  BELT,0.0,60.06960000000001,2022
SO0024816-19,2022-05-25,PASEIH,APPL,Still losing oil. would like this address now. Engine codes- Reference Service Order -5588,"WASHER,SEALING",1.7198,60.06960000000001,2022
SO0024816-2,2022-05-25,PASEIH,APPL,Still losing oil. would like this address now. Engine codes- Reference Service Order -5588,HOSE,192.2,60.06960000000001,2022
SO0024816-3,2022-05-25,PASEIH,APPL,Still losing oil. would like this address now. Engine codes- Reference Service Order -5588,REMAN-A/C COMPRESSOR,317.18,60.06960000000001,2022
SO0024905-2,2022-05-25,PASEIH,APPL,Still losing oil. would like this address now. Engine codes- Reference Service Order -5588,BELT,28.9499,60.06960000000001,2022
SO0025176-1,2023-03-04,PASEIH,SPRAYS,Air ride adjustment and axle adjustment are not available on pro700,KIT,0.0,8.3199,2023
SO0025176-2,2023-03-04,PASEIH,SPRAYS,Perform PIP CS0722,SCREW  12 PT,24.3599,2.9999000000000002,2023
SO0025403-1,2023-03-08,PASEIH,SPRAYS,Fuel door will not stay open,GAS STRUT,10.81,1.28,2023
SO0025623-3,2023-03-08,PASEIH,SPRAYS,VISIBLY NOTICE fasteners under cab on P clips and air ducting left Loose,BOLT,4.9199,2.28,2023
SO0025623-4,2023-03-08,PASEIH,SPRAYS,VISIBLY NOTICE fasteners under cab on P clips and air ducting left Loose,BOLT,3.12,2.28,2023
SO0026296-1,2023-03-08,PASEIH,SPRAYS,VISIBLY NOTICE fasteners under cab on P clips and air ducting left Loose,WASHER,5.56,2.28,2023
SO0026385-1,2023-03-08,PASEIH,SPRAYS,"Compressor pressure line, braided steel, crushed",HOSE,95.1899,0.6999,2023
SO0026385-11,2023-03-08,PASEIH,SPRAYS,Oil running from bottom of machine,OIL HV46 5GAL HYDRAULIC,92.09,5.2999,2023
SO0026385-4,2023-03-08,PASEIH,SPRAYS,Oil running from bottom of machine,O-RING,0.0,5.2999,2023
SO0027106-1,2023-03-08,PASEIH,SPRAYS,Oil running from bottom of machine,COUPLING  QUICK  FEM,0.0,5.2999,2023
SO0027642-2,2023-03-08,PASEIH,SPRAYS,Oil running from bottom of machine,O-RING,0.7,5.2999,2023
SO0027642-3,2023-03-08,PASEIH,SPRAYS,Oil running from bottom of machine,O-RING,0.27,5.2999,2023
SO0028255-1,2023-03-08,PASEIH,SPRAYS,MISSING VECTOR & INTRIP UNLOCKS.,SOFTWARE BASE HIGH,5775.0,1.5,2023
SO0028352-1,2023-03-08,PASEIH,SPRAYS,MISSING VECTOR & INTRIP UNLOCKS.,SOFTWARE UNLOCK,192.5,1.5,2023
SO0028770-1,2023-03-08,PASEIH,SPRAYS,OIL DRIPPING FROM COUPLER OF RETURN LINE TO PRODUCT PUMP,COUPLING  QUICK  FEM,149.53,4.73,2023
SO0029596-1,2023-03-08,PASEIH,SPRAYS,COMPONENTS MISSING ON BOOM TO MOUNT SMV SIGN,BOLT,4.44,0.67,2023
SO0029596-2,2023-03-08,PASEIH,SPRAYS,COMPONENTS MISSING ON BOOM TO MOUNT SMV SIGN,SMV MOUNT,13.37,0.67,2023
SO0029735-1,2023-03-08,PASEIH,SPRAYS,COMPONENTS MISSING ON BOOM TO MOUNT SMV SIGN,BRACKET,3.37,0.67,2023
SO0029735-1,2023-03-08,PASEIH,SPRAYS,COMPONENTS MISSING ON BOOM TO MOUNT SMV SIGN,BRACKET,3.37,0.67,2023
SO0031018-6,2023-03-08,PASEIH,SPRAYS,COMPONENTS MISSING ON BOOM TO MOUNT SMV SIGN,BOLT,3.48,0.67,2023
SO0031018-7,2023-03-08,PASEIH,SPRAYS,COMPONENTS MISSING ON BOOM TO MOUNT SMV SIGN,NUT  LOCK,2.98,0.67,2023
SO0031018-8,2023-03-08,PASEIH,SPRAYS,COMPONENTS MISSING ON BOOM TO MOUNT SMV SIGN,"SMV,120 FT.",14.76,0.67,2023
SO0031018-9,2023-03-08,PASEIH,SPRAYS,COMPONENTS MISSING ON BOOM TO MOUNT SMV SIGN,NUT  LOCK,2.3799,0.67,2023
SO0031765-1,2023-03-08,PASEIH,SPRAYS,FAULT CODE F-523140-13 OCCURS RANDOMLY THD 107750641,NOZZLE,404.78,5.2,2023
SO0032650-1,2023-04-11,PASEIH,SPRAYS,INSTALL PARTS ON MACHINE  ADJ. MIRRORS TO BE USABLE.FITTED UP FENDER FOR WIDE TIRES.      REMOVE 72 DRIP CHECK VALVES/REMOVE 72 NCV AND REINSTALLED WHERE THE DRY CHECK VALVES WERE.       REMOVE 72 5 WAY NOZZLE BODIES AND INSTALL 72CAPS.  I HAD CAPS FROM O,CLAMP,0.0,42.059599999999996,2023
SO0033441-1,2023-04-11,PASEIH,SPRAYS,INSTALL PARTS ON MACHINE  ADJ. MIRRORS TO BE USABLE.FITTED UP FENDER FOR WIDE TIRES.      REMOVE 72 DRIP CHECK VALVES/REMOVE 72 NCV AND REINSTALLED WHERE THE DRY CHECK VALVES WERE.       REMOVE 72 5 WAY NOZZLE BODIES AND INSTALL 72CAPS.  I HAD CAPS FROM O,2X2 FLANGE CPG,0.0,42.059599999999996,2023
SO0033576-1,2023-04-11,PASEIH,SPRAYS,INSTALL PARTS ON MACHINE  ADJ. MIRRORS TO BE USABLE.FITTED UP FENDER FOR WIDE TIRES.      REMOVE 72 DRIP CHECK VALVES/REMOVE 72 NCV AND REINSTALLED WHERE THE DRY CHECK VALVES WERE.       REMOVE 72 5 WAY NOZZLE BODIES AND INSTALL 72CAPS.  I HAD CAPS FROM O,NUT,0.0,42.059599999999996,2023
SO0033576-2,2023-04-11,PASEIH,SPRAYS,INSTALL PARTS ON MACHINE  ADJ. MIRRORS TO BE USABLE.FITTED UP FENDER FOR WIDE TIRES.      REMOVE 72 DRIP CHECK VALVES/REMOVE 72 NCV AND REINSTALLED WHERE THE DRY CHECK VALVES WERE.       REMOVE 72 5 WAY NOZZLE BODIES AND INSTALL 72CAPS.  I HAD CAPS FROM O,"COUPLER,2 IN MANIFOLD",0.0,42.059599999999996,2023
SO0033576-3,2023-04-11,PASEIH,SPRAYS,INSTALL PARTS ON MACHINE  ADJ. MIRRORS TO BE USABLE.FITTED UP FENDER FOR WIDE TIRES.      REMOVE 72 DRIP CHECK VALVES/REMOVE 72 NCV AND REINSTALLED WHERE THE DRY CHECK VALVES WERE.       REMOVE 72 5 WAY NOZZLE BODIES AND INSTALL 72CAPS.  I HAD CAPS FROM O,GASKET,0.0,42.059599999999996,2023
SO0034013-1,2023-04-11,PASEIH,SPRAYS,INSTALL PARTS ON MACHINE  ADJ. MIRRORS TO BE USABLE.FITTED UP FENDER FOR WIDE TIRES.      REMOVE 72 DRIP CHECK VALVES/REMOVE 72 NCV AND REINSTALLED WHERE THE DRY CHECK VALVES WERE.       REMOVE 72 5 WAY NOZZLE BODIES AND INSTALL 72CAPS.  I HAD CAPS FROM O,1.0 COUPLER,0.0,42.059599999999996,2023
SO0034287-2,2023-04-11,PASEIH,SPRAYS,INSTALL PARTS ON MACHINE  ADJ. MIRRORS TO BE USABLE.FITTED UP FENDER FOR WIDE TIRES.      REMOVE 72 DRIP CHECK VALVES/REMOVE 72 NCV AND REINSTALLED WHERE THE DRY CHECK VALVES WERE.       REMOVE 72 5 WAY NOZZLE BODIES AND INSTALL 72CAPS.  I HAD CAPS FROM O,"""FLANGE VALVE 1""""""",0.0,42.059599999999996,2023
SO0034550-1,2023-04-11,PASEIH,SPRAYS,INSTALL PARTS ON MACHINE  ADJ. MIRRORS TO BE USABLE.FITTED UP FENDER FOR WIDE TIRES.      REMOVE 72 DRIP CHECK VALVES/REMOVE 72 NCV AND REINSTALLED WHERE THE DRY CHECK VALVES WERE.       REMOVE 72 5 WAY NOZZLE BODIES AND INSTALL 72CAPS.  I HAD CAPS FROM O,GASKET,0.0,42.059599999999996,2023
SO0036578-2,2023-04-11,PASEIH,SPRAYS,PDI INSPECTION   OIL LEAK ON GEAR PUMP PRESSURE SIDE FITTING. OIL LEAK ON  M3 PORT.     AIR LINE TO TIP CLEANING STATION LEAKING WATER.   CHECK FLUID LEVELS. FOUND RIGHT REAR SHIELD BOLT RUBBING ON HYD. BREAKER HOSE. IT HAD ALREADY SLIGHTLY DAMAGED HOSE. ,WASHER,0.0,6.0899,2023
SO0038215-1,2023-04-11,PASEIH,SPRAYS,PDI INSPECTION   OIL LEAK ON GEAR PUMP PRESSURE SIDE FITTING. OIL LEAK ON  M3 PORT.     AIR LINE TO TIP CLEANING STATION LEAKING WATER.   CHECK FLUID LEVELS. FOUND RIGHT REAR SHIELD BOLT RUBBING ON HYD. BREAKER HOSE. IT HAD ALREADY SLIGHTLY DAMAGED HOSE. ,NUT  WING,0.0,6.0899,2023
SO0038215-2,2023-04-11,PASEIH,SPRAYS,PDI INSPECTION   OIL LEAK ON GEAR PUMP PRESSURE SIDE FITTING. OIL LEAK ON  M3 PORT.     AIR LINE TO TIP CLEANING STATION LEAKING WATER.   CHECK FLUID LEVELS. FOUND RIGHT REAR SHIELD BOLT RUBBING ON HYD. BREAKER HOSE. IT HAD ALREADY SLIGHTLY DAMAGED HOSE. ,ORING,0.0,6.0899,2023
SO0038215-4,2023-04-11,PASEIH,SPRAYS,PDI INSPECTION   OIL LEAK ON GEAR PUMP PRESSURE SIDE FITTING. OIL LEAK ON  M3 PORT.     AIR LINE TO TIP CLEANING STATION LEAKING WATER.   CHECK FLUID LEVELS. FOUND RIGHT REAR SHIELD BOLT RUBBING ON HYD. BREAKER HOSE. IT HAD ALREADY SLIGHTLY DAMAGED HOSE. ,O-RING,0.0,6.0899,2023
SO0038215-5,2023-04-11,PASEIH,SPRAYS,PDI INSPECTION   OIL LEAK ON GEAR PUMP PRESSURE SIDE FITTING. OIL LEAK ON  M3 PORT.     AIR LINE TO TIP CLEANING STATION LEAKING WATER.   CHECK FLUID LEVELS. FOUND RIGHT REAR SHIELD BOLT RUBBING ON HYD. BREAKER HOSE. IT HAD ALREADY SLIGHTLY DAMAGED HOSE. ,SPIRAX CX50 WHEEL OIL 5 GAL,0.0001,6.0899,2023
SO0039997-2,2023-04-11,PASEIH,SPRAYS,PDI INSPECTION   OIL LEAK ON GEAR PUMP PRESSURE SIDE FITTING. OIL LEAK ON  M3 PORT.     AIR LINE TO TIP CLEANING STATION LEAKING WATER.   CHECK FLUID LEVELS. FOUND RIGHT REAR SHIELD BOLT RUBBING ON HYD. BREAKER HOSE. IT HAD ALREADY SLIGHTLY DAMAGED HOSE. ,OIL HV46 5GAL HYDRAULIC,0.0,6.0899,2023
SO0040099-1,2023-04-11,PASEIH,SPRAYS,PDI INSPECTION   OIL LEAK ON GEAR PUMP PRESSURE SIDE FITTING. OIL LEAK ON  M3 PORT.     AIR LINE TO TIP CLEANING STATION LEAKING WATER.   CHECK FLUID LEVELS. FOUND RIGHT REAR SHIELD BOLT RUBBING ON HYD. BREAKER HOSE. IT HAD ALREADY SLIGHTLY DAMAGED HOSE. ,PIN,0.0,6.0899,2023
SO0040489-2,2023-04-11,PASEIH,SPRAYS,PDI INSPECTION   OIL LEAK ON GEAR PUMP PRESSURE SIDE FITTING. OIL LEAK ON  M3 PORT.     AIR LINE TO TIP CLEANING STATION LEAKING WATER.   CHECK FLUID LEVELS. FOUND RIGHT REAR SHIELD BOLT RUBBING ON HYD. BREAKER HOSE. IT HAD ALREADY SLIGHTLY DAMAGED HOSE. ,UNION TEE,0.0,6.0899,2023
SO0042678-1,2023-04-11,PASEIH,SPRAYS,PDI INSPECTION   OIL LEAK ON GEAR PUMP PRESSURE SIDE FITTING. OIL LEAK ON  M3 PORT.     AIR LINE TO TIP CLEANING STATION LEAKING WATER.   CHECK FLUID LEVELS. FOUND RIGHT REAR SHIELD BOLT RUBBING ON HYD. BREAKER HOSE. IT HAD ALREADY SLIGHTLY DAMAGED HOSE. ,BOLT,0.0,6.0899,2023
SO0046850-1,2023-04-11,PASEIH,SPRAYS,NOZZLES HITTING TANK ON RIGHT SIDE IN AUTOFOLDNOZZLES HITTING RAILING ON LEFT SIDE IN AUTOFOLDTHE BOOMS ARE CRADLING CLOSE5 WAY NOZZLES,SPRAY,0.0,2.87,2023
SO0046925-1,2023-04-11,PASEIH,SPRAYS,PDI INSPECTION   OIL LEAK ON GEAR PUMP PRESSURE SIDE FITTING. OIL LEAK ON  M3 PORT.     AIR LINE TO TIP CLEANING STATION LEAKING WATER.   CHECK FLUID LEVELS. FOUND RIGHT REAR SHIELD BOLT RUBBING ON HYD. BREAKER HOSE. IT HAD ALREADY SLIGHTLY DAMAGED HOSE. ,OIL HV46 5GAL HYDRAULIC,81.4699,18.4497,2023
SO0049014-1,2023-04-11,PASEIH,SPRAYS,PDI INSPECTION   OIL LEAK ON GEAR PUMP PRESSURE SIDE FITTING. OIL LEAK ON  M3 PORT.     AIR LINE TO TIP CLEANING STATION LEAKING WATER.   CHECK FLUID LEVELS. FOUND RIGHT REAR SHIELD BOLT RUBBING ON HYD. BREAKER HOSE. IT HAD ALREADY SLIGHTLY DAMAGED HOSE. ,"""FLANGE VALVE 1""""""",15.28,18.4497,2023
SO0049014-2,2023-04-11,PASEIH,SPRAYS,PDI INSPECTION   OIL LEAK ON GEAR PUMP PRESSURE SIDE FITTING. OIL LEAK ON  M3 PORT.     AIR LINE TO TIP CLEANING STATION LEAKING WATER.   CHECK FLUID LEVELS. FOUND RIGHT REAR SHIELD BOLT RUBBING ON HYD. BREAKER HOSE. IT HAD ALREADY SLIGHTLY DAMAGED HOSE. ,1.0 COUPLER,6.99,18.4497,2023
SO0049014-4,2023-04-11,PASEIH,SPRAYS,PDI INSPECTION   OIL LEAK ON GEAR PUMP PRESSURE SIDE FITTING. OIL LEAK ON  M3 PORT.     AIR LINE TO TIP CLEANING STATION LEAKING WATER.   CHECK FLUID LEVELS. FOUND RIGHT REAR SHIELD BOLT RUBBING ON HYD. BREAKER HOSE. IT HAD ALREADY SLIGHTLY DAMAGED HOSE. ,NUT  WING,0.92,18.4497,2023
SO0049171-1,2023-04-11,PASEIH,SPRAYS,PDI INSPECTION   OIL LEAK ON GEAR PUMP PRESSURE SIDE FITTING. OIL LEAK ON  M3 PORT.     AIR LINE TO TIP CLEANING STATION LEAKING WATER.   CHECK FLUID LEVELS. FOUND RIGHT REAR SHIELD BOLT RUBBING ON HYD. BREAKER HOSE. IT HAD ALREADY SLIGHTLY DAMAGED HOSE. ,GASKET,1.25,18.4497,2023
SO0049171-2,2023-04-11,PASEIH,SPRAYS,PDI INSPECTION   OIL LEAK ON GEAR PUMP PRESSURE SIDE FITTING. OIL LEAK ON  M3 PORT.     AIR LINE TO TIP CLEANING STATION LEAKING WATER.   CHECK FLUID LEVELS. FOUND RIGHT REAR SHIELD BOLT RUBBING ON HYD. BREAKER HOSE. IT HAD ALREADY SLIGHTLY DAMAGED HOSE. ,UNION TEE,13.05,18.4497,2023
SO0049171-4,2023-04-11,PASEIH,SPRAYS,PDI INSPECTION   OIL LEAK ON GEAR PUMP PRESSURE SIDE FITTING. OIL LEAK ON  M3 PORT.     AIR LINE TO TIP CLEANING STATION LEAKING WATER.   CHECK FLUID LEVELS. FOUND RIGHT REAR SHIELD BOLT RUBBING ON HYD. BREAKER HOSE. IT HAD ALREADY SLIGHTLY DAMAGED HOSE. ,O-RING,0.53,18.4497,2023
SO0049367-1,2023-04-11,PASEIH,SPRAYS,PDI INSPECTION   OIL LEAK ON GEAR PUMP PRESSURE SIDE FITTING. OIL LEAK ON  M3 PORT.     AIR LINE TO TIP CLEANING STATION LEAKING WATER.   CHECK FLUID LEVELS. FOUND RIGHT REAR SHIELD BOLT RUBBING ON HYD. BREAKER HOSE. IT HAD ALREADY SLIGHTLY DAMAGED HOSE. ,ORING,0.52,18.4497,2023
SO0049367-2,2023-04-11,PASEIH,SPRAYS,PDI INSPECTION   OIL LEAK ON GEAR PUMP PRESSURE SIDE FITTING. OIL LEAK ON  M3 PORT.     AIR LINE TO TIP CLEANING STATION LEAKING WATER.   CHECK FLUID LEVELS. FOUND RIGHT REAR SHIELD BOLT RUBBING ON HYD. BREAKER HOSE. IT HAD ALREADY SLIGHTLY DAMAGED HOSE. ,WASHER,0.8599,18.4497,2023
SO0049367-3,2023-04-11,PASEIH,SPRAYS,PDI INSPECTION   OIL LEAK ON GEAR PUMP PRESSURE SIDE FITTING. OIL LEAK ON  M3 PORT.     AIR LINE TO TIP CLEANING STATION LEAKING WATER.   CHECK FLUID LEVELS. FOUND RIGHT REAR SHIELD BOLT RUBBING ON HYD. BREAKER HOSE. IT HAD ALREADY SLIGHTLY DAMAGED HOSE. ,CLAMP,6.5099,18.4497,2023
SO0049367-4,2023-04-11,PASEIH,SPRAYS,PDI INSPECTION   OIL LEAK ON GEAR PUMP PRESSURE SIDE FITTING. OIL LEAK ON  M3 PORT.     AIR LINE TO TIP CLEANING STATION LEAKING WATER.   CHECK FLUID LEVELS. FOUND RIGHT REAR SHIELD BOLT RUBBING ON HYD. BREAKER HOSE. IT HAD ALREADY SLIGHTLY DAMAGED HOSE. ,BOLT,0.87,18.4497,2023
SO0055053-1,2023-04-11,PASEIH,SPRAYS,PDI INSPECTION   OIL LEAK ON GEAR PUMP PRESSURE SIDE FITTING. OIL LEAK ON  M3 PORT.     AIR LINE TO TIP CLEANING STATION LEAKING WATER.   CHECK FLUID LEVELS. FOUND RIGHT REAR SHIELD BOLT RUBBING ON HYD. BREAKER HOSE. IT HAD ALREADY SLIGHTLY DAMAGED HOSE. ,GASKET,0.68,18.4497,2023
SO0055584-10,2023-04-11,PASEIH,SPRAYS,PDI INSPECTION   OIL LEAK ON GEAR PUMP PRESSURE SIDE FITTING. OIL LEAK ON  M3 PORT.     AIR LINE TO TIP CLEANING STATION LEAKING WATER.   CHECK FLUID LEVELS. FOUND RIGHT REAR SHIELD BOLT RUBBING ON HYD. BREAKER HOSE. IT HAD ALREADY SLIGHTLY DAMAGED HOSE. ,O-RING,0.7099,18.4497,2023
SO0055584-3,2023-04-11,PASEIH,SPRAYS,PDI INSPECTION   OIL LEAK ON GEAR PUMP PRESSURE SIDE FITTING. OIL LEAK ON  M3 PORT.     AIR LINE TO TIP CLEANING STATION LEAKING WATER.   CHECK FLUID LEVELS. FOUND RIGHT REAR SHIELD BOLT RUBBING ON HYD. BREAKER HOSE. IT HAD ALREADY SLIGHTLY DAMAGED HOSE. ,SPIRAX CX50 WHEEL OIL 5 GAL,95.6299,18.4497,2023
SO0055584-5,2023-04-11,PASEIH,SPRAYS,PDI INSPECTION   OIL LEAK ON GEAR PUMP PRESSURE SIDE FITTING. OIL LEAK ON  M3 PORT.     AIR LINE TO TIP CLEANING STATION LEAKING WATER.   CHECK FLUID LEVELS. FOUND RIGHT REAR SHIELD BOLT RUBBING ON HYD. BREAKER HOSE. IT HAD ALREADY SLIGHTLY DAMAGED HOSE. ,2X2 FLANGE CPG,9.5,18.4497,2023
SO0058348-1,2023-04-11,PASEIH,SPRAYS,PDI INSPECTION   OIL LEAK ON GEAR PUMP PRESSURE SIDE FITTING. OIL LEAK ON  M3 PORT.     AIR LINE TO TIP CLEANING STATION LEAKING WATER.   CHECK FLUID LEVELS. FOUND RIGHT REAR SHIELD BOLT RUBBING ON HYD. BREAKER HOSE. IT HAD ALREADY SLIGHTLY DAMAGED HOSE. ,O-RING,0.68,18.4497,2023
SO0058358-1,2023-04-11,PASEIH,SPRAYS,PDI INSPECTION   OIL LEAK ON GEAR PUMP PRESSURE SIDE FITTING. OIL LEAK ON  M3 PORT.     AIR LINE TO TIP CLEANING STATION LEAKING WATER.   CHECK FLUID LEVELS. FOUND RIGHT REAR SHIELD BOLT RUBBING ON HYD. BREAKER HOSE. IT HAD ALREADY SLIGHTLY DAMAGED HOSE. ,NUT,2.56,18.4497,2023
SO0058395-1,2023-04-11,PASEIH,SPRAYS,PDI INSPECTION   OIL LEAK ON GEAR PUMP PRESSURE SIDE FITTING. OIL LEAK ON  M3 PORT.     AIR LINE TO TIP CLEANING STATION LEAKING WATER.   CHECK FLUID LEVELS. FOUND RIGHT REAR SHIELD BOLT RUBBING ON HYD. BREAKER HOSE. IT HAD ALREADY SLIGHTLY DAMAGED HOSE. ,"COUPLER,2 IN MANIFOLD",10.76,18.4497,2023
SO0058400-1,2023-04-11,PASEIH,SPRAYS,PDI INSPECTION   OIL LEAK ON GEAR PUMP PRESSURE SIDE FITTING. OIL LEAK ON  M3 PORT.     AIR LINE TO TIP CLEANING STATION LEAKING WATER.   CHECK FLUID LEVELS. FOUND RIGHT REAR SHIELD BOLT RUBBING ON HYD. BREAKER HOSE. IT HAD ALREADY SLIGHTLY DAMAGED HOSE. ,PIN,36.09,18.4497,2023
SO0058402-2,2023-04-14,PASEIH,SPRAYS,Hyd. Leak,O-RING,3.96,1.1998,2023
SO0058404-1,2023-05-05,PASEIH,SPRAYS,OIL DRIPPING FROM BOTTOM OF MACHINEPICTURES INCLUDED,O-RING,0.0,1.52,2023
SO0058406-1,2023-05-05,PASEIH,SPRAYS,OIL DRIPPING FROM BOTTOM OF MACHINEPICTURES INCLUDED,OIL HV46 5GAL HYDRAULIC,92.09,1.52,2023
SO0058466-1,2023-05-05,PASEIH,SPRAYS,OIL DRIPPING FROM BOTTOM OF MACHINEPICTURES INCLUDED,O-RING,1.12,1.52,2023
SO0058466-2,2023-05-05,PASEIH,SPRAYS,OIL DRIPPING FROM BOTTOM OF MACHINEPICTURES INCLUDED,ORING,0.0,1.52,2023
SO0058466-3,2023-05-16,PASEIH,SPRAYS,OIL LEAK,OIL HV46 5GAL HYDRAULIC,169.0099,6.9199,2023
SO0058466-4,2023-05-16,PASEIH,SPRAYS,HARNESS BROKE,HARNESS  WIRE,415.3,5.6299,2023
SO0058466-5,2023-05-16,PASEIH,SPRAYS,RINSE TANK LEAK,HOSE,9.29,3.0,2023
SO0058466-6,2023-05-23,PASEIH,SPRAYS,THE LIGHTS ON BOOM CLOSES TO CENTER PIVOT WERE MOUNTED UNDER SPRAY TIPS. SPRAY PATTERN WAS MESSED UP.AUTO FOLD AND AUTO BOOM WAS NOT SET . RIGHT BOOM WAS LOW FOR BOTH FUNCTIONS. THE CENTER BOOM ALSO HAD TO BE SET. LEFT BOOM HAD A LEAK AT A CONNECTOR.  THE,ANTIFREEZE 1 GAL,11.46,25.599900000000005,2023
SO0058466-7,2023-05-23,PASEIH,SPRAYS,INSTALL 5 WAY NOZZLE BODIES,SPRAY,26.68,10.8599,2023
SO0058466-8,2023-05-23,PASEIH,SPRAYS,LEAKING OIL AT STEERING HAND PUMP.  SEE PICTURE,HOSE,64.1299,4.7899,2023
SO0058480-1,2023-05-23,PASEIH,SPRAYS,LEAKING OIL AT STEERING HAND PUMP.  SEE PICTURE,TEE  RUN,56.7,4.7899,2023
SO0058542-1,2023-05-31,PASEIH,SPRAYS,FUEL SENDER OPEN,SENSOR,300.85,2.8899,2023
SO0058616-1,2023-05-31,PASEIH,SPRAYS,OIL LEAK NEAR RIGHT REAR TIRE,TUBE,0.0,3.5698,2023
SO0058617-1,2023-05-31,PASEIH,SPRAYS,OIL LEAK NEAR RIGHT REAR TIRE,O-RING,1.03,3.5698,2023
SO0058617-3,2023-05-31,PASEIH,SPRAYS,OIL LEAK NEAR RIGHT REAR TIRE,OIL HV46 5GAL HYDRAULIC,90.62,3.5698,2023
SO0058668-1,2023-05-31,PASEIH,SPRAYS,OIL LEAK NEAR RIGHT REAR TIRE,TUBE,56.3999,3.5698,2023
SO0058674-1,2023-05-31,PASEIH,SPRAYS,HYDRAULIC LEAK,O-RING,0.32,1.6599,2023
SO0058674-2,2023-05-31,PASEIH,SPRAYS,HYDRAULIC LEAK,OIL HV46 5GAL HYDRAULIC,162.94,2.6498999999999997,2023
SO0058675-2,2023-05-31,PASEIH,SPRAYS,HYDRAULIC LEAK,KIT  SERVICE,42.53,2.6498999999999997,2023
SO0058682-1,2023-05-31,PASEIH,SPRAYS,HYD. LEAK ON HYD. TANK.,OIL HV46 5GAL HYDRAULIC,162.94,4.1799,2023
SO0058682-2,2023-05-31,PASEIH,SPRAYS,50 HOUR SERVICE.  CHANGE HUB LUBE ON FOUR HUBS. PLUGGED LOOKED NORMAL FLASHING.CHANGE HYD. RETURN FILTER AND CHARGE FILTER. INSPECTED MACHINE. DID 100 HOUR SERVICE AS PER OPERATOR. CHANGE ENG. OIL AND FILTER.INSPECT MACHINE.,10 40 semi synthetic,124.12,2.2098,2023
SO0058682-3,2023-05-31,PASEIH,SPRAYS,50 HOUR SERVICE.  CHANGE HUB LUBE ON FOUR HUBS. PLUGGED LOOKED NORMAL FLASHING.CHANGE HYD. RETURN FILTER AND CHARGE FILTER. INSPECTED MACHINE. DID 100 HOUR SERVICE AS PER OPERATOR. CHANGE ENG. OIL AND FILTER.INSPECT MACHINE.,FILTER ELEMENT,24.65,2.2098,2023
SO0058682-7,2023-05-31,PASEIH,SPRAYS,50 HOUR SERVICE.  CHANGE HUB LUBE ON FOUR HUBS. PLUGGED LOOKED NORMAL FLASHING.CHANGE HYD. RETURN FILTER AND CHARGE FILTER. INSPECTED MACHINE. DID 100 HOUR SERVICE AS PER OPERATOR. CHANGE ENG. OIL AND FILTER.INSPECT MACHINE.,FILTER  ENGINE OIL,104.65,2.2098,2023
SO0058682-8,2023-05-31,PASEIH,SPRAYS,50 HOUR SERVICE.  CHANGE HUB LUBE ON FOUR HUBS. PLUGGED LOOKED NORMAL FLASHING.CHANGE HYD. RETURN FILTER AND CHARGE FILTER. INSPECTED MACHINE. DID 100 HOUR SERVICE AS PER OPERATOR. CHANGE ENG. OIL AND FILTER.INSPECT MACHINE.,FILTER  ELEMENT,112.71,2.2098,2023
SO0058682-9,2023-05-31,PASEIH,SPRAYS,going to freeze winterize,NIPPLE,10.34,6.380000000000001,2023
SO0058694-1,2023-05-31,PASEIH,SPRAYS,going to freeze winterize,RV ANTI FREEZE,368.5,6.380000000000001,2023
SO0058699-1,2023-05-31,PASEIH,SPRAYS,going to freeze winterize,3/8 COUPLER,17.8398,6.380000000000001,2023
SO0058699-2,2023-05-31,PASEIH,SPRAYS,going to freeze winterize,1/4 PIPE CL/NIP,6.7,6.380000000000001,2023
SO0058699-3,2023-05-31,PASEIH,SPRAYS,product boom leaks after use of boom air purge system.,REGULATOR,31.1099,2.22,2023
SO0058699-5,2023-05-31,PASEIH,SPRAYS,product boom leaks after use of boom air purge system.,1/2X3/8 FITTING,3.82,2.22,2023
SO0058699-7,2023-05-31,PASEIH,SPRAYS,5 way nozzles hitting product tank.  Spacer kit on order Plastic parts damaged from not enough shielding.,BODY,56.8,1.0999,2023
SO0058699-8,2023-05-31,PASEIH,SPRAYS,5 way nozzles hitting product tank.  Spacer kit on order Plastic parts damaged from not enough shielding.,NUT  LOCK,2.51,1.0999,2023
SO0058700-1,2023-05-31,PASEIH,SPRAYS,5 way nozzles hitting product tank.  Spacer kit on order Plastic parts damaged from not enough shielding.,PLATE  MOUNTING,52.41,1.0999,2023
SO0058700-2,2023-05-31,PASEIH,SPRAYS,5 way nozzles hitting product tank.  Spacer kit on order Plastic parts damaged from not enough shielding.,WASHER,24.24,1.0999,2023
SO0058709-1,2023-05-31,PASEIH,SPRAYS,5 way nozzles hitting product tank.  Spacer kit on order Plastic parts damaged from not enough shielding.,"BOLT,M12 X 85",65.8799,1.0999,2023
SO0058710-1,2023-05-31,PASEIH,SPRAYS,5 way nozzles hitting product tank.  Spacer kit on order Plastic parts damaged from not enough shielding.,BRACKET,40.46,1.0999,2023
SO0058711-1,2023-05-31,PASEIH,SPRAYS,5 way nozzles hitting product tank.  Spacer kit on order Plastic parts damaged from not enough shielding.,BRACKET,40.46,1.0999,2023
SO0058711-2,2023-05-31,PASEIH,SPRAYS,Do service needed,BOLT,2.45,22.919600000000003,2023
SO0058711-4,2023-05-31,PASEIH,SPRAYS,Do service needed,FILTER  FUEL,11.46,22.919600000000003,2023
SO0058716-1,2023-05-31,PASEIH,SPRAYS,Do service needed,FILTER  ENGINE OIL,105.66,22.919600000000003,2023
SO0058722-1,2023-05-31,PASEIH,SPRAYS,Do service needed,FILTER  FUEL,56.5799,22.919600000000003,2023
SO0058722-2,2023-05-31,PASEIH,SPRAYS,Do service needed,OIL,101.1,22.919600000000003,2023
SO0058725-1,2023-05-31,PASEIH,SPRAYS,Do service needed,WASHER,0.7199,22.919600000000003,2023
SO0058725-2,2023-05-31,PASEIH,SPRAYS,Do service needed,NUT  LOCK,1.4199,22.919600000000003,2023
SO0058725-3,2023-06-01,PASEIH,SPRAYS,INSTALL BOOM RECIRCULATION KIT AND PDI,MODULE,0.0,86.58909999999999,2023
SO0058725-5,2023-06-05,PASEIH,SPRAYS,Fencerow nozzle leaking,SENSOR,0.0,0.9,2023
SO0058727-1,2023-06-05,PASEIH,SPRAYS,Fencerow nozzle leaking,NOZZLE,5.85,0.9,2023
SO0058727-12,2023-06-19,PASEIH,SPRAYS,BOOM FOLD UNEVEN AND HITTING CRADLE,1/2 COUPLER,0.0,3.8999,2023
SO0058727-12,2023-06-19,PASEIH,SPRAYS,BOOM FOLD UNEVEN AND HITTING CRADLE,1/2 COUPLER,0.0,3.8999,2023
SO0058727-15,2023-06-19,PASEIH,SPRAYS,BOOM FOLD UNEVEN AND HITTING CRADLE,BAR,0.0,3.8999,2023
SO0058727-2,2023-06-05,PASEIH,SPRAYS,CUSTOMER IS GETTING FAULT. CODE: F ›¼À“ 354›¼À“31.,SENSOR,145.5999,0.9999,2023
SO0058727-3,2023-06-05,PASEIH,SPRAYS,CUSTOMER IS GETTING FAULT. CODE: F ›¼À“ 354›¼À“31.,NOZZLE,0.0,0.9999,2023
SO0058727-4,2023-06-07,PASEIH,SPRAYS,Set up unit and PDI,HARNESS  WIRE,0.0,29.829800000000002,2023
SO0058727-5,2023-06-09,PASEIH,SPRAYS,AUTO BOOM WON'T WORK,SENSOR,669.46,6.52,2023
SO0058727-6,2023-06-09,PASEIH,SPRAYS,PRODUCT LEAK UNDER PRODUCT TANK.,CLAMP,14.1,2.9999000000000002,2023
SO0058727-7,2023-06-09,PASEIH,SPRAYS,PRODUCT LEAK UNDER PRODUCT TANK.,GASKET,3.18,2.9999000000000002,2023
SO0058727-8,2023-06-19,PASEIH,SPRAYS,DEF ERROR CODES,MODULE,715.0,6.3499,2023
SO0058738-1,2023-06-19,PASEIH,SPRAYS,BOOM FOLD UNEVEN AND HITTING CRADLE,FITTING,0.0,3.8999,2023
SO0058744-1,2023-06-19,PASEIH,SPRAYS,BOOM FOLD UNEVEN AND HITTING CRADLE,SEAL  RING,0.0,3.8999,2023
SO0058744-2,2023-06-19,PASEIH,SPRAYS,BOOM FOLD UNEVEN AND HITTING CRADLE,REDUCER,0.0,3.8999,2023
SO0058744-3,2023-06-19,PASEIH,SPRAYS,BOOM FOLD UNEVEN AND HITTING CRADLE,1/4 PIPE CL/NIP,0.0,3.8999,2023
SO0058744-4,2023-06-19,PASEIH,SPRAYS,INSTALL SIDE CAMERA KIT .     THE BOXES WITH CAMERAS SMASHED. TAKING PICTURES.INSTALL  INSTALL SPRAY TIPS MR 110 08INSTALL BOOM RECULATION KITINSTALL DIFFERENT TIRES. SET UP AND PDI MACHINE,CLAMP,3.25,70.2094,2023
SO0058744-6,2023-06-19,PASEIH,SPRAYS,INSTALL SIDE CAMERA KIT .     THE BOXES WITH CAMERAS SMASHED. TAKING PICTURES.INSTALL  INSTALL SPRAY TIPS MR 110 08INSTALL BOOM RECULATION KITINSTALL DIFFERENT TIRES. SET UP AND PDI MACHINE,"""FLANGE VALVE 1""""""",15.28,70.2094,2023
SO0058745-1,2023-06-19,PASEIH,SPRAYS,INSTALL SIDE CAMERA KIT .     THE BOXES WITH CAMERAS SMASHED. TAKING PICTURES.INSTALL  INSTALL SPRAY TIPS MR 110 08INSTALL BOOM RECULATION KITINSTALL DIFFERENT TIRES. SET UP AND PDI MACHINE,SPRAY,500.25,70.2094,2023
SO0058745-2,2023-06-19,PASEIH,SPRAYS,INSTALL SIDE CAMERA KIT .     THE BOXES WITH CAMERAS SMASHED. TAKING PICTURES.INSTALL  INSTALL SPRAY TIPS MR 110 08INSTALL BOOM RECULATION KITINSTALL DIFFERENT TIRES. SET UP AND PDI MACHINE,GASKET,1.25,70.2094,2023
SO0058755-1,2023-06-19,PASEIH,SPRAYS,INSTALL SIDE CAMERA KIT .     THE BOXES WITH CAMERAS SMASHED. TAKING PICTURES.INSTALL  INSTALL SPRAY TIPS MR 110 08INSTALL BOOM RECULATION KITINSTALL DIFFERENT TIRES. SET UP AND PDI MACHINE,FITTING,0.0,70.2094,2023
SO0058758-3,2023-06-19,PASEIH,SPRAYS,INSTALL SIDE CAMERA KIT .     THE BOXES WITH CAMERAS SMASHED. TAKING PICTURES.INSTALL  INSTALL SPRAY TIPS MR 110 08INSTALL BOOM RECULATION KITINSTALL DIFFERENT TIRES. SET UP AND PDI MACHINE,FITTING,4.86,70.2094,2023
SO0058758-4,2023-06-19,PASEIH,SPRAYS,INSTALL SIDE CAMERA KIT .     THE BOXES WITH CAMERAS SMASHED. TAKING PICTURES.INSTALL  INSTALL SPRAY TIPS MR 110 08INSTALL BOOM RECULATION KITINSTALL DIFFERENT TIRES. SET UP AND PDI MACHINE,REGULATOR,0.0,70.2094,2023
SO0058762-1,2023-06-19,PASEIH,SPRAYS,INSTALL SIDE CAMERA KIT .     THE BOXES WITH CAMERAS SMASHED. TAKING PICTURES.INSTALL  INSTALL SPRAY TIPS MR 110 08INSTALL BOOM RECULATION KITINSTALL DIFFERENT TIRES. SET UP AND PDI MACHINE,GAUGE,0.0,70.2094,2023
SO0058763-1,2023-06-19,PASEIH,SPRAYS,INSTALL SIDE CAMERA KIT .     THE BOXES WITH CAMERAS SMASHED. TAKING PICTURES.INSTALL  INSTALL SPRAY TIPS MR 110 08INSTALL BOOM RECULATION KITINSTALL DIFFERENT TIRES. SET UP AND PDI MACHINE,SEAL  RING,2.4199,70.2094,2023
SO0058767-17,2023-06-19,PASEIH,SPRAYS,INSTALL SIDE CAMERA KIT .     THE BOXES WITH CAMERAS SMASHED. TAKING PICTURES.INSTALL  INSTALL SPRAY TIPS MR 110 08INSTALL BOOM RECULATION KITINSTALL DIFFERENT TIRES. SET UP AND PDI MACHINE,PIN,10.48,70.2094,2023
SO0058773-1,2023-06-19,PASEIH,SPRAYS,INSTALL SIDE CAMERA KIT .     THE BOXES WITH CAMERAS SMASHED. TAKING PICTURES.INSTALL  INSTALL SPRAY TIPS MR 110 08INSTALL BOOM RECULATION KITINSTALL DIFFERENT TIRES. SET UP AND PDI MACHINE,2X2 FLANGE CPG,14.25,70.2094,2023
SO0058773-2,2023-06-19,PASEIH,SPRAYS,INSTALL SIDE CAMERA KIT .     THE BOXES WITH CAMERAS SMASHED. TAKING PICTURES.INSTALL  INSTALL SPRAY TIPS MR 110 08INSTALL BOOM RECULATION KITINSTALL DIFFERENT TIRES. SET UP AND PDI MACHINE,1/2 COUPLER,6.46,70.2094,2023
SO0058774-3,2023-06-19,PASEIH,SPRAYS,INSTALL SIDE CAMERA KIT .     THE BOXES WITH CAMERAS SMASHED. TAKING PICTURES.INSTALL  INSTALL SPRAY TIPS MR 110 08INSTALL BOOM RECULATION KITINSTALL DIFFERENT TIRES. SET UP AND PDI MACHINE,1/4 PIPE CL/NIP,3.24,70.2094,2023
SO0058774-5,2023-06-19,PASEIH,SPRAYS,INSTALL SIDE CAMERA KIT .     THE BOXES WITH CAMERAS SMASHED. TAKING PICTURES.INSTALL  INSTALL SPRAY TIPS MR 110 08INSTALL BOOM RECULATION KITINSTALL DIFFERENT TIRES. SET UP AND PDI MACHINE,REDUCER,9.74,70.2094,2023
SO0058774-6,2023-06-19,PASEIH,SPRAYS,When using boom purge system. With a boom recirculation kit installed. It is causing boom leaks,FITTING,8.4199,5.0797,2023
SO0058774-8,2023-06-19,PASEIH,SPRAYS,When using boom purge system. With a boom recirculation kit installed. It is causing boom leaks,REGULATOR,31.1099,5.0797,2023
SO0058774-9,2023-06-19,PASEIH,SPRAYS,When using boom purge system. With a boom recirculation kit installed. It is causing boom leaks,GAUGE,24.91,5.0797,2023
SO0058775-3,2023-06-28,PONDE,TRACT2,SERVICE,AIR FILTER,30.16,7.0197,2023
SO0058775-4,2023-06-28,PONDE,TRACT2,SERVICE,FILTER  ENGINE OIL,14.46,7.0197,2023
SO0058775-5,2023-06-28,PONDE,TRACT2,SERVICE,AIR FILTER,33.4399,7.0197,2023
SO0058775-7,2023-06-28,PONDE,TRACT2,SERVICE,FILTER,59.14,7.0197,2023
SO0058776-16,2023-06-28,PONDE,TRACT2,SERVICE,PANEL AIR FILTER,52.2,7.0197,2023
SO0058779-1,2023-06-28,PONDE,TRACT2,SERVICE,NO.1 15W40 5 GAL,79.98,7.0197,2023
SO0058783-1,2023-07-06,PASEIH,SPRAYS,-NCV offline faults. Found a retaining clip broke on connector for NCV.,HARNESS  WIRE,966.5099,2.22,2023
SO0058794-1,2023-07-06,PASEIH,SPRAYS,-Door would not latch correctly and would pop open.,LOCK,187.02,0.0,2023
SO0058794-3,2023-07-12,PASEIH,SPRAYS,Massive product leak under machine,ELBOW,11.96,2.74,2023
SO0058794-4,2023-07-12,PASEIH,SPRAYS,Massive product leak under machine,TRANSDUCER,319.28,2.74,2023
SO0058796-1,2023-07-13,PASEIH,SPRAYS,Door flew open and broke the glass,LOCK,182.0,0.0,2023
SO0058796-4,2023-07-17,PESSTo,BALER,BROKEN PLUNGERCUSTOMER BROUGHTBALER BACK IN COMPLAINING THAT THE PLUNGER WAS HITTING,SINGLE SLO,60.6,29.5295,2023
SO0058796-5,2023-07-17,PESSTo,BALER,BROKEN PLUNGERCUSTOMER BROUGHTBALER BACK IN COMPLAINING THAT THE PLUNGER WAS HITTING,SINGLE SLO,26.24,29.5295,2023
SO0058796-6,2023-07-17,PESSTo,BALER,BROKEN PLUNGERCUSTOMER BROUGHTBALER BACK IN COMPLAINING THAT THE PLUNGER WAS HITTING,SINGLE SLO,27.64,29.5295,2023
SO0058797-1,2023-07-17,PESSTo,BALER,BROKEN PLUNGERCUSTOMER BROUGHTBALER BACK IN COMPLAINING THAT THE PLUNGER WAS HITTING,SHIM,74.0,29.5295,2023
SO0058803-11,2023-07-17,PESSTo,BALER,BROKEN PLUNGERCUSTOMER BROUGHTBALER BACK IN COMPLAINING THAT THE PLUNGER WAS HITTING,SHIM,41.68,29.5295,2023
SO0058805-1,2023-07-17,PESSTo,BALER,BROKEN PLUNGERCUSTOMER BROUGHTBALER BACK IN COMPLAINING THAT THE PLUNGER WAS HITTING,SHIM,47.4399,29.5295,2023
SO0058807-3,2023-07-17,PESSTo,BALER,BROKEN PLUNGERCUSTOMER BROUGHTBALER BACK IN COMPLAINING THAT THE PLUNGER WAS HITTING,WRAPPER,98.68,29.5295,2023
SO0058807-4,2023-07-17,PESSTo,BALER,BROKEN PLUNGERCUSTOMER BROUGHTBALER BACK IN COMPLAINING THAT THE PLUNGER WAS HITTING,DOUBLE SLO,94.1,29.5295,2023
SO0058807-5,2023-07-17,PESSTo,BALER,BROKEN PLUNGERCUSTOMER BROUGHTBALER BACK IN COMPLAINING THAT THE PLUNGER WAS HITTING,DOUBLE SLO,37.64,29.5295,2023
SO0058817-1,2023-07-17,PESSTo,BALER,BROKEN PLUNGERCUSTOMER BROUGHTBALER BACK IN COMPLAINING THAT THE PLUNGER WAS HITTING,SHIM,52.28,29.5295,2023
SO0058817-2,2023-07-17,PESSTo,BALER,BROKEN PLUNGERCUSTOMER BROUGHTBALER BACK IN COMPLAINING THAT THE PLUNGER WAS HITTING,SHIM,45.3999,29.5295,2023
SO0058817-4,2023-07-17,PESSTo,BALER,BROKEN PLUNGERCUSTOMER BROUGHTBALER BACK IN COMPLAINING THAT THE PLUNGER WAS HITTING,HEX SOC HD BOLT-,14.2,29.5295,2023
SO0058817-5,2023-07-17,PESSTo,BALER,BROKEN PLUNGERCUSTOMER BROUGHTBALER BACK IN COMPLAINING THAT THE PLUNGER WAS HITTING,PLUNGER KNIFE,141.71,29.5295,2023
SO0058817-7,2023-07-17,PESSTo,BALER,BROKEN PLUNGERCUSTOMER BROUGHTBALER BACK IN COMPLAINING THAT THE PLUNGER WAS HITTING,MACHINRY BUSHING,0.52,29.5295,2023
SO0058817-8,2023-07-17,PESSTo,BALER,BROKEN PLUNGERCUSTOMER BROUGHTBALER BACK IN COMPLAINING THAT THE PLUNGER WAS HITTING,SHIM,126.16,29.5295,2023
SO0058819-1,2023-07-17,PESSTo,BALER,BROKEN PLUNGERCUSTOMER BROUGHTBALER BACK IN COMPLAINING THAT THE PLUNGER WAS HITTING,5/16-18 FLANGE NUT,0.56,29.5295,2023
SO0058829-1,2023-07-17,PESSTo,BALER,BROKEN PLUNGERCUSTOMER BROUGHTBALER BACK IN COMPLAINING THAT THE PLUNGER WAS HITTING,PLUNGER/KNIFE,81.03,29.5295,2023
SO0058829-2,2023-07-17,PESSTo,BALER,BROKEN PLUNGERCUSTOMER BROUGHTBALER BACK IN COMPLAINING THAT THE PLUNGER WAS HITTING,PLOW BOLT-1/2-13,22.5,29.5295,2023
SO0058829-4,2023-07-17,PESSTo,BALER,BROKEN PLUNGERCUSTOMER BROUGHTBALER BACK IN COMPLAINING THAT THE PLUNGER WAS HITTING,5/16 x1-1/4 PLOW BOLT,33.6999,29.5295,2023
SO0058830-1,2023-07-17,PESSTo,BALER,BROKEN PLUNGERCUSTOMER BROUGHTBALER BACK IN COMPLAINING THAT THE PLUNGER WAS HITTING,CASTING,26.81,29.5295,2023
SO0058832-1,2023-07-17,PESSTo,BALER,BROKEN PLUNGERCUSTOMER BROUGHTBALER BACK IN COMPLAINING THAT THE PLUNGER WAS HITTING,ROLLER BEARING,152.0,29.5295,2023
SO0058835-1,2023-07-17,PESSTo,BALER,BROKEN PLUNGERCUSTOMER BROUGHTBALER BACK IN COMPLAINING THAT THE PLUNGER WAS HITTING,OUTR PLNGR KNIFE,112.56,29.5295,2023
SO0058835-4,2023-07-17,PESSTo,BALER,BROKEN PLUNGERCUSTOMER BROUGHTBALER BACK IN COMPLAINING THAT THE PLUNGER WAS HITTING,HEX CAP SCREW-5/,3.55,29.5295,2023
SO0058835-6,2023-07-17,PESSTo,BALER,BROKEN PLUNGERCUSTOMER BROUGHTBALER BACK IN COMPLAINING THAT THE PLUNGER WAS HITTING,GR 5 HARDWARE,3.85,29.5295,2023
SO0058835-7,2023-07-21,PASEIH,SPRAYS,HYDRAULIC LEAK ON LH FRONT SIDE OF SPRAYER,O-RING,0.5999,3.37,2023
SO0058835-8,2023-07-21,PASEIH,SPRAYS,HYDRAULIC LEAK ON LH FRONT SIDE OF SPRAYER,OIL HV46 5GAL HYDRAULIC,254.65,3.37,2023
SO0058835-9,2023-07-21,PASEIH,SPRAYS,OIL LEAK ON REAR OF SPRAYER,HOSE,69.53,6.0499,2023
SO0058842-1,2023-07-24,PASEIH,SPRAYS,FUEL TANK SUCKED IN.,CAP,32.57,4.7299,2023
SO0058842-3,2023-07-24,PASEIH,SPRAYS,FUEL TANK SUCKED IN.,TANK,853.72,4.7299,2023
SO0058842-5,2023-08-02,PASEIH,SPRAYS,FULL 100+ HR SERVICEENG OIL & FILTERSFUEL FILTERS order hyd. return pipe on left frame rail.ORDER fitting on Section 7 product pipe.Found support for sections 3 and 5 loose tightened.For loose fitting on Section 4 left endof product boom. Replaced plactic,FILTER  FUEL,12.08,11.2398,2023
SO0058842-6,2023-08-02,PASEIH,SPRAYS,FULL 100+ HR SERVICEENG OIL & FILTERSFUEL FILTERS order hyd. return pipe on left frame rail.ORDER fitting on Section 7 product pipe.Found support for sections 3 and 5 loose tightened.For loose fitting on Section 4 left endof product boom. Replaced plactic,FILTER  AIR - SECONDARY,85.8799,11.2398,2023
SO0058848-1,2023-08-02,PASEIH,SPRAYS,FULL 100+ HR SERVICEENG OIL & FILTERSFUEL FILTERS order hyd. return pipe on left frame rail.ORDER fitting on Section 7 product pipe.Found support for sections 3 and 5 loose tightened.For loose fitting on Section 4 left endof product boom. Replaced plactic,FILTER  AIR - PRIMARY,115.7,11.2398,2023
SO0058849-1,2023-08-02,PASEIH,SPRAYS,FULL 100+ HR SERVICEENG OIL & FILTERSFUEL FILTERS order hyd. return pipe on left frame rail.ORDER fitting on Section 7 product pipe.Found support for sections 3 and 5 loose tightened.For loose fitting on Section 4 left endof product boom. Replaced plactic,FILTER  AIR - CAB,163.5,11.2398,2023
SO0058856-1,2023-08-02,PASEIH,SPRAYS,FULL 100+ HR SERVICEENG OIL & FILTERSFUEL FILTERS order hyd. return pipe on left frame rail.ORDER fitting on Section 7 product pipe.Found support for sections 3 and 5 loose tightened.For loose fitting on Section 4 left endof product boom. Replaced plactic,STRAINER  FILTER,110.33,11.2398,2023
SO0058856-2,2023-08-02,PASEIH,SPRAYS,FULL 100+ HR SERVICEENG OIL & FILTERSFUEL FILTERS order hyd. return pipe on left frame rail.ORDER fitting on Section 7 product pipe.Found support for sections 3 and 5 loose tightened.For loose fitting on Section 4 left endof product boom. Replaced plactic,TEE,11.18,11.2398,2023
SO0058856-4,2023-08-02,PASEIH,SPRAYS,FULL 100+ HR SERVICEENG OIL & FILTERSFUEL FILTERS order hyd. return pipe on left frame rail.ORDER fitting on Section 7 product pipe.Found support for sections 3 and 5 loose tightened.For loose fitting on Section 4 left endof product boom. Replaced plactic,FILTER  ELEMENT,112.71,11.2398,2023
SO0058859-1,2023-08-02,PASEIH,SPRAYS,FULL 100+ HR SERVICEENG OIL & FILTERSFUEL FILTERS order hyd. return pipe on left frame rail.ORDER fitting on Section 7 product pipe.Found support for sections 3 and 5 loose tightened.For loose fitting on Section 4 left endof product boom. Replaced plactic,GASKET,3.82,11.2398,2023
SO0058859-3,2023-08-02,PASEIH,SPRAYS,FULL 100+ HR SERVICEENG OIL & FILTERSFUEL FILTERS order hyd. return pipe on left frame rail.ORDER fitting on Section 7 product pipe.Found support for sections 3 and 5 loose tightened.For loose fitting on Section 4 left endof product boom. Replaced plactic,FILTER  FUEL,0.0,11.2398,2023
SO0058859-4,2023-08-02,PASEIH,SPRAYS,FULL 100+ HR SERVICEENG OIL & FILTERSFUEL FILTERS order hyd. return pipe on left frame rail.ORDER fitting on Section 7 product pipe.Found support for sections 3 and 5 loose tightened.For loose fitting on Section 4 left endof product boom. Replaced plactic,OIL,107.84,11.2398,2023
SO0058859-5,2023-08-02,PASEIH,SPRAYS,FULL 100+ HR SERVICEENG OIL & FILTERSFUEL FILTERS order hyd. return pipe on left frame rail.ORDER fitting on Section 7 product pipe.Found support for sections 3 and 5 loose tightened.For loose fitting on Section 4 left endof product boom. Replaced plactic,FILTER  FUEL,56.5799,11.2398,2023
SO0058859-7,2023-08-02,PASEIH,SPRAYS,FULL 100+ HR SERVICEENG OIL & FILTERSFUEL FILTERS order hyd. return pipe on left frame rail.ORDER fitting on Section 7 product pipe.Found support for sections 3 and 5 loose tightened.For loose fitting on Section 4 left endof product boom. Replaced plactic,FILTER ELEMENT,24.65,11.2398,2023
SO0058863-1,2023-08-02,PASEIH,SPRAYS,FULL 100+ HR SERVICEENG OIL & FILTERSFUEL FILTERS order hyd. return pipe on left frame rail.ORDER fitting on Section 7 product pipe.Found support for sections 3 and 5 loose tightened.For loose fitting on Section 4 left endof product boom. Replaced plactic,2X1 1/4 MANI/HB,2.1499,11.2398,2023
SO0058873-1,2023-08-02,PASEIH,SPRAYS,FULL 100+ HR SERVICEENG OIL & FILTERSFUEL FILTERS order hyd. return pipe on left frame rail.ORDER fitting on Section 7 product pipe.Found support for sections 3 and 5 loose tightened.For loose fitting on Section 4 left endof product boom. Replaced plactic,"2.0FLH,EPDM",0.0,11.2398,2023
SO0058873-2,2023-08-02,PASEIH,SPRAYS,FULL 100+ HR SERVICEENG OIL & FILTERSFUEL FILTERS order hyd. return pipe on left frame rail.ORDER fitting on Section 7 product pipe.Found support for sections 3 and 5 loose tightened.For loose fitting on Section 4 left endof product boom. Replaced plactic,HOSE/CLAMP,4.98,11.2398,2023
SO0058873-3,2023-08-02,PASEIH,SPRAYS,FULL 100+ HR SERVICEENG OIL & FILTERSFUEL FILTERS order hyd. return pipe on left frame rail.ORDER fitting on Section 7 product pipe.Found support for sections 3 and 5 loose tightened.For loose fitting on Section 4 left endof product boom. Replaced plactic,CLAMP,20.55,11.2398,2023
SO0058873-4,2023-08-02,PASEIH,SPRAYS,FULL 100+ HR SERVICEENG OIL & FILTERSFUEL FILTERS order hyd. return pipe on left frame rail.ORDER fitting on Section 7 product pipe.Found support for sections 3 and 5 loose tightened.For loose fitting on Section 4 left endof product boom. Replaced plactic,2 FTSTD->TEE,5.32,11.2398,2023
SO0058873-5,2023-08-02,PASEIH,SPRAYS,FULL 100+ HR SERVICEENG OIL & FILTERSFUEL FILTERS order hyd. return pipe on left frame rail.ORDER fitting on Section 7 product pipe.Found support for sections 3 and 5 loose tightened.For loose fitting on Section 4 left endof product boom. Replaced plactic,"2"" manifold elbow",4.1699,11.2398,2023
SO0058873-7,2023-08-02,PASEIH,SPRAYS,FULL 100+ HR SERVICEENG OIL & FILTERSFUEL FILTERS order hyd. return pipe on left frame rail.ORDER fitting on Section 7 product pipe.Found support for sections 3 and 5 loose tightened.For loose fitting on Section 4 left endof product boom. Replaced plactic,FLANGED 45,4.45,11.2398,2023
SO0058873-8,2023-08-02,PASEIH,SPRAYS,FULL 100+ HR SERVICEENG OIL & FILTERSFUEL FILTERS order hyd. return pipe on left frame rail.ORDER fitting on Section 7 product pipe.Found support for sections 3 and 5 loose tightened.For loose fitting on Section 4 left endof product boom. Replaced plactic,ELB 1.5FLG,2.93,11.2398,2023
SO0058883-1,2023-08-02,PASEIH,SPRAYS,FULL 100+ HR SERVICEENG OIL & FILTERSFUEL FILTERS order hyd. return pipe on left frame rail.ORDER fitting on Section 7 product pipe.Found support for sections 3 and 5 loose tightened.For loose fitting on Section 4 left endof product boom. Replaced plactic,CLAMP,9.7599,11.2398,2023
SO0058898-1,2023-08-02,PASEIH,SPRAYS,FULL 100+ HR SERVICEENG OIL & FILTERSFUEL FILTERS order hyd. return pipe on left frame rail.ORDER fitting on Section 7 product pipe.Found support for sections 3 and 5 loose tightened.For loose fitting on Section 4 left endof product boom. Replaced plactic,FILTER  ELEMENT,188.46,11.2398,2023
SO0058898-2,2023-08-02,PASEIH,SPRAYS,FULL 100+ HR SERVICEENG OIL & FILTERSFUEL FILTERS order hyd. return pipe on left frame rail.ORDER fitting on Section 7 product pipe.Found support for sections 3 and 5 loose tightened.For loose fitting on Section 4 left endof product boom. Replaced plactic,SLEEVE,2.0899,11.2398,2023
SO0058898-3,2023-08-02,PASEIH,SPRAYS,FULL 100+ HR SERVICEENG OIL & FILTERSFUEL FILTERS order hyd. return pipe on left frame rail.ORDER fitting on Section 7 product pipe.Found support for sections 3 and 5 loose tightened.For loose fitting on Section 4 left endof product boom. Replaced plactic,FILTER  ENGINE OIL,109.55,11.2398,2023
SO0058898-4,2023-08-02,PASEIH,SPRAYS,Going to freeze,RV ANTI FREEZE,368.5,10.1197,2023
SO0058898-5,2023-08-02,PASEIH,SPRAYS,hyd. oil leak,O-RING,2.1299,17.6399,2023
SO0058898-6,2023-08-02,PASEIH,SPRAYS,hyd. oil leak,OIL HV46 5GAL HYDRAULIC,254.62,17.6399,2023
SO0058898-7,2023-08-02,PASEIH,SPRAYS,hyd. oil leak,TUBE,254.5399,17.6399,2023
SO0058936-1,2023-08-02,PASEIH,SPRAYS,CHEMICAL INDUCTOR AND RINSE TANK FILL RED AND GREEN LIGHTS NOT WORKING PROPERLY,VALVE,1534.52,9.279900000000001,2023
SO0058936-2,2023-08-09,PONDE,TRACT2,HYDRAULIC CODES,"FILTER,HYDRAULIC OI",0.0,0.9499,2023
SO0058936-3,2023-08-16,PONDE,TRACT2,AC LINE BLEW AND CUSTOMER REPLACED LINE SYSTEM NEED EVACUATED AND RECHARGED,R1341=30,36.84,1.1799,2023
SO0058947-8,2023-08-23,PASEIH,SPRAYS,End blew off the hose,OIL HV46 5GAL HYDRAULIC,255.03,0.0,2023
SO0058951-1,2023-08-23,PASEIH,SPRAYS,End blew off the hose,HOSE,159.9799,0.0,2023
SO0058982-2,2023-08-24,PASEIH,SPRAYS,PDI/SETUP,IMPERIAL HARDWARE,2.24,38.9298,2023
SO0058989-1,2023-08-24,PASEIH,SPRAYS,INSTALL TIPS,"""2"""" GASKET""",2.8,2.0,2023
SO0058989-2,2023-08-24,PASEIH,SPRAYS,INSTALL TIPS,CLAMP,14.6,2.0,2023
SO0059001-2,2023-08-24,PASEIH,SPRAYS,INSTALL TIPS,HARDWARE,27.6999,2.0,2023
SO0059006-1,2023-08-24,PASEIH,SPRAYS,TRIM PANEL IS INCORRECT FROM FACTORY.,PANEL,150.15,0.5,2023
SO0059006-2,2023-08-28,PASEIH,SPRAYS,NO AC,REMAN-A/C COMPRESSOR,0.0,2.33,2023
SO0059006-4,2023-08-30,PASEIH,SPRAYS,When I went out to get machine found. Found AIR ride AIR badges deflated.  Started machine RCM code was set.When driving machine checked W/S wiper system. Washer fluid did not work.,WINDSHIELD CLEAN,3.78,39.0593,2023
SO0059006-6,2023-08-30,PASEIH,SPRAYS,When I went out to get machine found. Found AIR ride AIR badges deflated.  Started machine RCM code was set.When driving machine checked W/S wiper system. Washer fluid did not work.,RV ANTI FREEZE,184.25,39.0593,2023
SO0059029-1,2023-08-30,PASEIH,SPRAYS,When I went out to get machine found. Found AIR ride AIR badges deflated.  Started machine RCM code was set.When driving machine checked W/S wiper system. Washer fluid did not work.,HOWES FUEL TREATMENT,24.99,39.0593,2023
SO0059029-2,2023-08-31,PASEIH,SPRAYS,-Product pump would not run.-Service call- 80 miles total,OIL HV46 5GAL HYDRAULIC,85.01,5.8299,2023
SO0059029-4,2023-08-31,PASEIH,SPRAYS,-Product pump would not run.-Service call- 80 miles total,VALVE  FLOW CONTROL,283.5,5.8299,2023
SO0059029-5,2023-08-31,PASEIH,SPRAYS,-Product pump would not run.-Service call- 80 miles total,PUMP,325.5,5.8299,2023
SO0059036-1,2023-09-18,PASEIH,SPRAYS,AUTOFOLD CAUSES BOOM TO DRAG AND BOOMS HIT CRADLE.AUTOBOOM DROPS RIGHT WING TO GROUND.,REMAN-SENSOR,108.0,3.58,2023
SO0059036-2,2023-09-18,PASEIH,SPRAYS,AUTOFOLD CAUSES BOOM TO DRAG AND BOOMS HIT CRADLE.AUTOBOOM DROPS RIGHT WING TO GROUND.,REMAN-SENSOR,-5.0,3.58,2023
SO0059036-3,2023-09-25,PASEIH,SPRAYS,install Boom Recirculate system. Part of New machine sold. Operator wanted machine. He said we could install later.,"COUPLER,2 IN MANIFOLD",21.52,12.889700000000001,2023
SO0059036-4,2023-09-25,PASEIH,SPRAYS,install Boom Recirculate system. Part of New machine sold. Operator wanted machine. He said we could install later.,1/2 poly coupling,6.74,12.889700000000001,2023
SO0059037-1,2023-09-25,PASEIH,SPRAYS,install Boom Recirculate system. Part of New machine sold. Operator wanted machine. He said we could install later.,REDUCER BUSHING,2.03,12.889700000000001,2023
SO0059045-1,2023-09-25,PASEIH,SPRAYS,install Boom Recirculate system. Part of New machine sold. Operator wanted machine. He said we could install later.,CLAMP,3.25,12.889700000000001,2023
SO0059080-1,2023-09-25,PASEIH,SPRAYS,install Boom Recirculate system. Part of New machine sold. Operator wanted machine. He said we could install later.,REGULATOR,31.1099,12.889700000000001,2023
SO0059080-2,2023-09-25,PASEIH,SPRAYS,install Boom Recirculate system. Part of New machine sold. Operator wanted machine. He said we could install later.,ELBOW  45,3.1,12.889700000000001,2023
SO0059080-2,2023-09-25,PASEIH,SPRAYS,install Boom Recirculate system. Part of New machine sold. Operator wanted machine. He said we could install later.,ELBOW  45,3.1,12.889700000000001,2023
SO0059090-1,2023-09-25,PASEIH,SPRAYS,install Boom Recirculate system. Part of New machine sold. Operator wanted machine. He said we could install later.,VALVE  CHECK,0.0,12.889700000000001,2023
SO0059090-2,2023-09-25,PASEIH,SPRAYS,install Boom Recirculate system. Part of New machine sold. Operator wanted machine. He said we could install later.,FITTING,8.4199,12.889700000000001,2023
SO0059090-4,2023-09-25,PASEIH,SPRAYS,install Boom Recirculate system. Part of New machine sold. Operator wanted machine. He said we could install later.,VALVE,28.41,12.889700000000001,2023
SO0059090-8,2023-09-25,PASEIH,SPRAYS,install Boom Recirculate system. Part of New machine sold. Operator wanted machine. He said we could install later.,GASKET,0.64,12.889700000000001,2023
SO0059098-1,2023-09-25,PASEIH,SPRAYS,install Boom Recirculate system. Part of New machine sold. Operator wanted machine. He said we could install later.,wilger flush valve,44.2199,12.889700000000001,2023
SO0059098-3,2023-09-25,PASEIH,SPRAYS,install Boom Recirculate system. Part of New machine sold. Operator wanted machine. He said we could install later.,1/4 PIPE CL/NIP,6.58,12.889700000000001,2023
SO0059098-4,2023-09-25,PASEIH,SPRAYS,Boom cradle's on both booms bent and cracked. There are pictures.,PAD,149.88,9.1898,2023
SO0059106-1,2023-09-25,PASEIH,SPRAYS,Boom cradle's on both booms bent and cracked. There are pictures.,BRACKET,125.1,9.1898,2023
SO0059121-1,2023-09-25,PASEIH,SPRAYS,Boom cradle's on both booms bent and cracked. There are pictures.,BRACKET,148.14,9.1898,2023
SO0059121-2,2023-09-25,PASEIH,SPRAYS,Boom cradle's on both booms bent and cracked. There are pictures.,BOLT,4.8799,9.1898,2023
SO0059121-4,2023-09-25,PASEIH,SPRAYS,Boom cradle's on both booms bent and cracked. There are pictures.,SCREW,9.96,9.1898,2023
SO0059121-5,2023-09-25,PASEIH,SPRAYS,Boom cradle's on both booms bent and cracked. There are pictures.,WASHER,19.68,9.1898,2023
SO0059121-6,2023-09-25,PASEIH,SPRAYS,Boom cradle's on both booms bent and cracked. There are pictures.,BUMPER,84.98,9.1898,2023
SO0059125-1,2023-09-25,PASEIH,SPRAYS,Boom cradle's on both booms bent and cracked. There are pictures.,BRACKET,23.28,9.1898,2023
SO0059125-2,2023-09-25,PASEIH,SPRAYS,Missing parts to hook up air line. Operator wanted machine. He said we could install later.GREASE.After installing parts on test it caused RECULATION plumbing to leak. Pressure regulator on order. To drop air pressure  to 55 PSI. AS told to me on a assist,FITTING,4.21,5.62,2023
SO0059150-1,2023-09-25,PASEIH,SPRAYS,Missing parts to hook up air line. Operator wanted machine. He said we could install later.GREASE.After installing parts on test it caused RECULATION plumbing to leak. Pressure regulator on order. To drop air pressure  to 55 PSI. AS told to me on a assist,GASKET,2.1201,5.62,2023
SO0059151-3,2023-09-25,PASEIH,SPRAYS,Missing parts to hook up air line. Operator wanted machine. He said we could install later.GREASE.After installing parts on test it caused RECULATION plumbing to leak. Pressure regulator on order. To drop air pressure  to 55 PSI. AS told to me on a assist,CLAMP,7.0501,5.62,2023
SO0059159-1,2023-09-25,PASEIH,SPRAYS,Missing parts to hook up air line. Operator wanted machine. He said we could install later.GREASE.After installing parts on test it caused RECULATION plumbing to leak. Pressure regulator on order. To drop air pressure  to 55 PSI. AS told to me on a assist,PLUG,5.0,5.62,2023
SO0059169-1,2023-09-25,PASEIH,SPRAYS,Missing parts to hook up air line. Operator wanted machine. He said we could install later.GREASE.After installing parts on test it caused RECULATION plumbing to leak. Pressure regulator on order. To drop air pressure  to 55 PSI. AS told to me on a assist,FITTING,5.11,5.62,2023
SO0059169-2,2023-09-25,PASEIH,SPRAYS,Missing parts to hook up air line. Operator wanted machine. He said we could install later.GREASE.After installing parts on test it caused RECULATION plumbing to leak. Pressure regulator on order. To drop air pressure  to 55 PSI. AS told to me on a assist,VALVE  CHECK,37.0399,5.62,2023
SO0059169-5,2023-09-25,PASEIH,SPRAYS,Missing parts to hook up air line. Operator wanted machine. He said we could install later.GREASE.After installing parts on test it caused RECULATION plumbing to leak. Pressure regulator on order. To drop air pressure  to 55 PSI. AS told to me on a assist,ELBOW,0.0,5.62,2023
SO0059170-1,2023-09-25,PASEIH,SPRAYS,Missing parts to hook up air line. Operator wanted machine. He said we could install later.GREASE.After installing parts on test it caused RECULATION plumbing to leak. Pressure regulator on order. To drop air pressure  to 55 PSI. AS told to me on a assist,FITTING,3.25,5.62,2023
SO0059170-2,2023-09-25,PASEIH,SPRAYS,Missing parts to hook up air line. Operator wanted machine. He said we could install later.GREASE.After installing parts on test it caused RECULATION plumbing to leak. Pressure regulator on order. To drop air pressure  to 55 PSI. AS told to me on a assist,FITTING,7.5099,5.62,2023
SO0059173-1,2023-09-25,PASEIH,SPRAYS,To get machine in shop to install boom recirculate system and install missing Boom Air purge part. Also to replace broken boom cradle.,HOWES FUEL TREATMENT,24.99,8.149799999999999,2023
SO0059177-1,2023-09-25,PASEIH,SPRAYS,To get machine in shop to install boom recirculate system and install missing Boom Air purge part. Also to replace broken boom cradle.,RV ANTI FREEZE,390.5,8.149799999999999,2023
SO0059180-1,2023-10-03,PASEIH,SPRAYS,10-16-2023 - Cutomer needed the sprayer to finish for the season. Will bring back in to complete the work.1-23-24 customer brought unit back for repair.NCV's woulds randomly shut off.,KIT,2565.36,17.2396,2023
SO0059182-1,2023-10-03,PASEIH,SPRAYS,10-16-2023 - Cutomer needed the sprayer to finish for the season. Will bring back in to complete the work.1-23-24 customer brought unit back for repair.NCV's woulds randomly shut off.,OIL  ENGINE,9.57,17.2396,2023
SO0059182-3,2023-10-03,PASEIH,APPL,ENGINE DERATED AND SCR FAULT,SENSOR,0.0,9.4198,2023
SO0059182-4,2023-10-03,PASEIH,APPL,ENGINE DERATED AND SCR FAULT,REMAN ELECT CONTROL,849.56,9.4198,2023
SO0059189-1,2023-10-03,PASEIH,APPL,ENGINE DERATED AND SCR FAULT,REMAN-MODULE,0.0,9.4198,2023
SO0059190-1,2023-10-04,PASEIH,SPRAYS,PERFORM PIP CS0723 PROCEDURES.,TRANSDUCER,319.28,5.9199,2023
SO0059190-2,2023-10-17,PASEIH,SPRAYS,CAB AIR SEAT WILL NOT AIR UP.,KIT  SERVICE,213.5,8.5,2023
SO0059190-3,2023-11-08,PASEIH,SPRAYS,Trident project 1426.Customer request to pull all engine data..Also engine would run extremely rough and die.,REMAN ELECT CONTROL,1095.49,10.0198,2023
SO0059190-4,2023-11-08,PASEIH,SPRAYS,Trident project 1426.Customer request to pull all engine data..Also engine would run extremely rough and die.,REMAN ELECT CONT - CORE,-100.0,10.0198,2023
SO0059193-1,2023-11-08,PASEIH,SPRAYS,Trident project 1426.Customer request to pull all engine data..Also engine would run extremely rough and die.,ELECTRONIC CONTR,0.0,10.0198,2023
SO0059194-1,2023-11-08,PASEIH,SPRAYS,Trident project 1426.Customer request to pull all engine data..Also engine would run extremely rough and die.,HARNESS  WIRE,507.38,10.0198,2023
SO0059194-2,2023-11-09,PASEIH,SPRAYS,OIL LEAK ON REAR OF SPRAYER,O-RING,3.51,4.36,2023
SO0059201-8,2023-11-09,PASEIH,SPRAYS,OIL LEAK ON REAR OF SPRAYER,HOSE,144.92,4.36,2023
SO0059202-1,2023-11-09,PASEIH,SPRAYS,OIL LEAK ON REAR OF SPRAYER,OIL HV46 5GAL HYDRAULIC,84.96,4.36,2023
SO0059222-2,2023-11-27,PASEIH,SPRAYS,Condenser loose.,CONDENSER,0.0,2.5499,2023
SO0059223-2,2023-11-27,PASEIH,SPRAYS,Condenser loose.,FREON/LB,33.2,2.5499,2023
SO0059223-3,2023-11-27,PASEIH,SPRAYS,Condenser loose.,LAMP,0.0,2.5499,2023
SO0059223-4,2023-11-27,PASEIH,SPRAYS,Condenser loose.,KIT,0.0,2.5499,2023
SO0059223-5,2023-11-27,PASEIH,SPRAYS,Condenser loose.,CONDENSER,0.0,2.5499,2023
SO0059223-7,2023-11-27,PASEIH,SPRAYS,Condenser loose.,SLF TAP SCREW,1.9199,2.5499,2023
SO0059223-8,2023-11-27,PASEIH,SPRAYS,Heahlight broke,LAMP,168.27,0.55,2023
SO0059224-1,2023-11-27,PASEIH,SPRAYS,Fuel door seal falling off,GASKET,3.12,0.0,2023
SO0059227-1,2023-11-27,PASEIH,SPRAYS,Fuel door seal falling off,GASKET,3.72,0.0,2023
SO0059256-2,2023-11-27,PASEIH,SPRAYS,Fuel door seal falling off,GASKET,2.2,0.0,2023
SO0059266-1,2023-11-28,PASEIH,SPRAYS,UNLOAD SET UP & PDI,214-1432 CLAMP,1.1599,43.7592,2023
SO0059284-11,2023-11-28,PASEIH,SPRAYS,THE AIR VALVE TO PURGE THE BOOMS WOULD NOT OPEN,VALVE,96.8299,3.27,2023
SO0059284-12,2023-11-29,PASEIH,SPRAYS,install extra camerawaiting for Boom Recirculation Kit. ** will be after sales,SSTIP/CAP - TEAL,467.5,3.0499,2023
SO0059284-13,2023-11-29,PASEIH,SPRAYS,PDI,OAT COOLANT,55.2599,18.569699999999997,2023
SO0059284-3,2023-11-28,PASEIH,SPRAYS,UNLOAD SET UP & PDI,ANTIFREEZE,106.0,43.7592,2023
SO0059284-4,2023-11-28,PASEIH,SPRAYS,UNLOAD SET UP & PDI,BOLT BY QUARTER POUND,1.3,43.7592,2023
SO0059284-4,2023-11-28,PASEIH,SPRAYS,UNLOAD SET UP & PDI,BOLT BY QUARTER POUND,1.3,43.7592,2023
SO0059284-5,2023-11-28,PASEIH,SPRAYS,INSTALL RECIRCULATION KITSPRAYER TIPSDELIVERY,STRAP,4.7999,15.1297,2023
SO0059284-6,2023-11-28,PASEIH,SPRAYS,INSTALL RECIRCULATION KITSPRAYER TIPSDELIVERY,SPRAY TIP,886.32,15.1297,2023
SO0059284-8,2023-11-28,PASEIH,SPRAYS,INSTALL RECIRCULATION KITSPRAYER TIPSDELIVERY,CLAMP,1.02,15.1297,2023
SO0059289-1,2023-11-29,PASEIH,SPRAYS,PDI,O-RING,0.53,18.569699999999997,2023
SO0059296-1,2023-11-29,PASEIH,SPRAYS,PDI,NIPPLE  LUBE,1.36,18.569699999999997,2023
SO0059296-2,2023-11-29,PASEIH,SPRAYS,PDI,WINDSHIELD CLEAN,3.78,18.569699999999997,2023
SO0059296-5,2023-11-29,PASEIH,SPRAYS,need rtk,RADIO,2024.05,0.38,2023
SO0059296-6,2023-11-29,PASEIH,SPRAYS,need rtk,HARNESS  WIRE,0.0,0.38,2023
SO0059327-1,2023-11-29,PASEIH,SPRAYS,slingshot harness install and business band radio cable,CONNECTOR  ELEC,36.1199,1.22,2023
SO0059328-12,2023-11-29,PASEIH,SPRAYS,slingshot harness install and business band radio cable,Metal Stick On Plate,8.0,1.22,2023
SO0059328-8,2023-11-29,PASEIH,SPRAYS,slingshot harness install and business band radio cable,SOFTWARE BASE HIGH,5625.0,1.22,2023
SO0059351-1,2024-01-18,PASEIH,SPRAYS,PIP CS0223,SPIRAX CX50 WHEEL OIL 5 GAL,92.09,4.25,2024
SO0059353-1,2024-01-23,PASEIH,SPRAYS,LEFT BOOM CRADLE ADJUSTER BOLT STRIPPED.,ROD  THREADED,114.62,1.3998,2024
SO0059374-1,2024-01-23,PASEIH,SPRAYS,INSTALL BOOM RECIRCULATING KIT.,CLAMP,20.55,42.049,2024
SO0059386-1,2024-01-23,PASEIH,SPRAYS,INSTALL BOOM RECIRCULATING KIT.,TEE,11.18,42.049,2024
SO0059395-1,2024-01-23,PASEIH,SPRAYS,INSTALL BOOM RECIRCULATING KIT.,REDUCER,9.2599,42.049,2024
SO0059427-1,2024-01-23,PASEIH,SPRAYS,INSTALL BOOM RECIRCULATING KIT.,CLAMP,26.0399,42.049,2024
SO0059437-1,2024-01-23,PASEIH,SPRAYS,INSTALL BOOM RECIRCULATING KIT.,ELBOW,6.87,42.049,2024
SO0059441-10,2024-02-15,PASEIH,SPRAYS,CUSTOMER CALLED AND STATED THAT MACHINE WAS LOOSING FUEL PRESSURE,PIPE  INJECTION,53.73,40.2297,2024
SO0059441-11,2024-02-15,PASEIH,SPRAYS,CUSTOMER CALLED AND STATED THAT MACHINE WAS LOOSING FUEL PRESSURE,FILTER  FUEL,357.8299,40.2297,2024
SO0059441-12,2024-02-15,PASEIH,SPRAYS,CUSTOMER CALLED AND STATED THAT MACHINE WAS LOOSING FUEL PRESSURE,VALVE,204.12,40.2297,2024
SO0059441-13,2024-02-15,PASEIH,SPRAYS,CUSTOMER CALLED AND STATED THAT MACHINE WAS LOOSING FUEL PRESSURE,GASKET,0.0,40.2297,2024
SO0059441-14,2024-02-15,PASEIH,SPRAYS,CUSTOMER CALLED AND STATED THAT MACHINE WAS LOOSING FUEL PRESSURE,TUBE  FUEL,81.56,40.2297,2024
SO0059441-15,2024-02-15,PASEIH,SPRAYS,CUSTOMER CALLED AND STATED THAT MACHINE WAS LOOSING FUEL PRESSURE,ACCUMULATOR,847.13,40.2297,2024
SO0059441-17,2024-02-15,PASEIH,SPRAYS,CUSTOMER CALLED AND STATED THAT MACHINE WAS LOOSING FUEL PRESSURE,TUBE,189.28,40.2297,2024
SO0059441-18,2024-02-15,PASEIH,SPRAYS,CUSTOMER CALLED AND STATED THAT MACHINE WAS LOOSING FUEL PRESSURE,REMAN-INJECTION NOZZ,3972.5999,40.2297,2024
SO0059441-19,2024-02-15,PASEIH,SPRAYS,CUSTOMER CALLED AND STATED THAT MACHINE WAS LOOSING FUEL PRESSURE,REMAN-INJECTION - CORE,-750.0,40.2297,2024
SO0059441-7,2024-01-23,PASEIH,SPRAYS,INSTALL BOOM RECIRCULATING KIT.,GASKET,2.8799,42.049,2024
SO0059441-8,2024-01-23,PASEIH,SPRAYS,LEFT BOOM LOWERED TO GROUND AND WILL NOT RAISE AGAIN.,VALVE,89.0799,1.8999,2024
SO0059441-9,2024-02-15,PASEIH,SPRAYS,FUEL LEAK,"HEAD,FILTER",199.0999,3.0,2024
SO0059464-3,2024-02-15,PASEIH,SPRAYS,CUSTOMER CALLED AND STATED THAT MACHINE WAS LOOSING FUEL PRESSURE,REMAN-INJECTION PUMP,2186.9099,40.2297,2024
SO0059464-5,2024-02-15,PASEIH,SPRAYS,CUSTOMER CALLED AND STATED THAT MACHINE WAS LOOSING FUEL PRESSURE,ELBOW,0.0,40.2297,2024
SO0059464-6,2024-02-15,PASEIH,SPRAYS,CUSTOMER CALLED AND STATED THAT MACHINE WAS LOOSING FUEL PRESSURE,PIPE  INJECTION,47.56,40.2297,2024
SO0059489-1,2024-02-15,PASEIH,SPRAYS,CUSTOMER CALLED AND STATED THAT MACHINE WAS LOOSING FUEL PRESSURE,PIPE  INJECTION,52.9101,40.2297,2024
SO0059496-1,2024-02-15,PASEIH,SPRAYS,CUSTOMER CALLED AND STATED THAT MACHINE WAS LOOSING FUEL PRESSURE,PIPE  INJECTION,40.7,40.2297,2024
SO0059513-1,2024-02-15,PASEIH,SPRAYS,CUSTOMER CALLED AND STATED THAT MACHINE WAS LOOSING FUEL PRESSURE,PIPE  INJECTION,50.8401,40.2297,2024
SO0059513-2,2024-02-15,PASEIH,SPRAYS,CUSTOMER CALLED AND STATED THAT MACHINE WAS LOOSING FUEL PRESSURE,PIPE  INJECTION,53.32,40.2297,2024
SO0059550-1,2024-02-15,PASEIH,SPRAYS,CUSTOMER CALLED AND STATED THAT MACHINE WAS LOOSING FUEL PRESSURE,HYD CONNECTOR,0.0,40.2297,2024
SO0059550-10,2024-02-15,PASEIH,SPRAYS,CUSTOMER CALLED AND STATED THAT MACHINE WAS LOOSING FUEL PRESSURE,FILTER  FUEL,24.26,40.2297,2024
SO0059550-4,2024-02-15,PASEIH,SPRAYS,CUSTOMER CALLED AND STATED THAT MACHINE WAS LOOSING FUEL PRESSURE,FITTING,18.1999,40.2297,2024
SO0059550-5,2024-02-15,PASEIH,SPRAYS,CUSTOMER CALLED AND STATED THAT MACHINE WAS LOOSING FUEL PRESSURE,THREADED UNION,5.4001,40.2297,2024
SO0059550-6,2024-02-15,PASEIH,SPRAYS,CUSTOMER CALLED AND STATED THAT MACHINE WAS LOOSING FUEL PRESSURE,BOLT,0.63,40.2297,2024
SO0059550-7,2024-02-15,PASEIH,SPRAYS,CUSTOMER CALLED AND STATED THAT MACHINE WAS LOOSING FUEL PRESSURE,"FITTING,BRASS ELBOW",34.95,40.2297,2024
SO0059550-8,2024-02-15,PASEIH,SPRAYS,CUSTOMER CALLED AND STATED THAT MACHINE WAS LOOSING FUEL PRESSURE,REMAN-INJECTION - CORE,-500.0,40.2297,2024
SO0059574-1,2024-02-15,PASEIH,SPRAYS,CUSTOMER CALLED AND STATED THAT MACHINE WAS LOOSING FUEL PRESSURE,FILTER  FUEL,113.78,40.2297,2024
SO0059574-2,2024-02-15,PASEIH,SPRAYS,CUSTOMER CALLED AND STATED THAT MACHINE WAS LOOSING FUEL PRESSURE,"O-RING,SPECIAL",1.1799,40.2297,2024
SO0059574-3,2024-02-15,CHR,SPRAYS,missing skid rubberpads on front of skid,BUMPER/PAD CHASSIS,175.5,3.8398,2024
SO0059574-4,2024-02-15,PASEIH,SPRAYS,fore aft lines leaking,FITTING 6-4-5202,5.57,1.1,2024
SO0059574-5,2024-02-15,PASEIH,SPRAYS,fore aft lines leaking,HOSE ASSY,74.75,1.1,2024
SO0059574-6,2024-02-15,PASEIH,SPRAYS,fore aft lines leaking,HOSE ASSY .38X88,71.5,1.1,2024
SO0059576-1,2024-02-15,PASEIH,SPRAYS,xrt sensors not working,SENSOR,1355.92,1.08,2024
SO0059585-1,2024-02-15,CHR,SPRAYS,hood bracket update,HOOD HINGE REINFORMENT PLATE,47.48,1.1299,2024
SO0059585-2,2024-02-15,CHR,SPRAYS,Customer states lines leaking for main bin feed gate.,HOSE ASSY.38X.30,32.5,3.5,2024
SO0059585-3,2024-02-15,CHR,SPRAYS,Customer states lines leaking for main bin feed gate.,TUBE - ASSY .375,175.5,3.5,2024
SO0059590-1,2024-02-15,CHR,SPRAYS,Customer states lines leaking for main bin feed gate.,HOSE - ASSY 100R,29.25,3.5,2024
SO0059590-2,2024-02-15,CHR,SPRAYS,Customer states lines leaking for main bin feed gate.,HOSE ASSY.38X32.,32.5,3.5,2024
SO0059590-3,2024-02-15,CHR,SPRAYS,Customer states lines leaking for main bin feed gate.,HOSE - ASSY100R1,29.25,3.5,2024
SO0059590-4,2024-02-15,PASEIH,SPRAYS,Main Chassis Harness Replacement,ALARM  BACKUP,51.35,19.399700000000003,2024
SO0059590-5,2024-02-15,PASEIH,SPRAYS,Main Chassis Harness Replacement,SENSOR,0.0,19.399700000000003,2024
SO0059590-6,2024-02-15,PASEIH,SPRAYS,Main Chassis Harness Replacement,SENSOR,0.0,19.399700000000003,2024
SO0059706-1,2024-02-15,PASEIH,SPRAYS,Main Chassis Harness Replacement,HARNESS WIRE,1890.0,19.399700000000003,2024
SO0059728-1,2024-02-15,PASEIH,SPRAYS,Main Chassis Harness Replacement,MODULE,169.16,19.399700000000003,2024
SO0059728-2,2024-02-15,PASEIH,SPRAYS,Main Chassis Harness Replacement,SENSOR,0.0,19.399700000000003,2024
SO0059728-3,2024-02-15,PASEIH,SPRAYS,Main Chassis Harness Replacement,SENSOR,0.0,19.399700000000003,2024
SO0059728-4,2024-02-15,PASEIH,SPRAYS,Main Chassis Harness Replacement,FILTER  AIR - CAB,155.74,19.399700000000003,2024
SO0059728-5,2024-02-15,PASEIH,SPRAYS,Main Chassis Harness Replacement,HARNESS  WIRE,0.0,19.399700000000003,2024
SO0059728-6,2024-02-15,PASEIH,SPRAYS,Main Chassis Harness Replacement,HARNESS  WIRE,0.0,19.399700000000003,2024
SO0059750-2,2024-02-15,PASEIH,SPRAYS,Main Chassis Harness Replacement,MANIFOLD,0.0,19.399700000000003,2024
SO0059750-4,2024-02-15,PASEIH,SPRAYS,Main Chassis Harness Replacement,HARNESS WIRE,0.0,19.399700000000003,2024
SO0059759-1,2024-02-15,PASEIH,SPRAYS,Combo Unit - Dry to Liquid,HARNESS WIRE,0.0,4.7199,2024
SO0059762-2,2024-02-15,PASEIH,SPRAYS,Combo Unit - Dry to Liquid,SENSOR,0.0,4.7199,2024
SO0059762-3,2024-02-15,PASEIH,SPRAYS,Combo Unit - Dry to Liquid,CONTROL BOX,0.0,4.7199,2024
SO0059764-2,2024-02-15,PASEIH,SPRAYS,New Harness - Will not calibrate drive system,HARNESS WIRE,0.0,52.05,2024
SO0059764-4,2024-02-15,PASEIH,SPRAYS,New Harness - Will not calibrate drive system,HARNESS  WIRE,0.0,52.05,2024
SO0059764-5,2024-02-15,PASEIH,SPRAYS,New Harness - Will not calibrate drive system,HARNESS WIRE,0.0,52.05,2024
SO0059765-2,2024-02-15,PASEIH,SPRAYS,New Harness - Will not calibrate drive system,HARNESS  WIRE,972.22,52.05,2024
SO0059765-3,2024-02-15,PASEIH,SPRAYS,New Harness - Will not calibrate drive system,SENSOR,0.0,52.05,2024
SO0059765-4,2024-02-15,PASEIH,SPRAYS,New Harness - Will not calibrate drive system,SENSOR,0.0,52.05,2024
SO0059765-5,2024-02-15,PASEIH,SPRAYS,New Harness - Will not calibrate drive system,SENSOR,0.0,52.05,2024
SO0059765-7,2024-02-15,PASEIH,SPRAYS,New Harness - Will not calibrate drive system,SENSOR,0.0,52.05,2024
SO0059765-8,2024-02-15,PASEIH,SPRAYS,New Harness - Will not calibrate drive system,SENSOR,1643.5398,52.05,2024
SO0059765-9,2024-02-15,PASEIH,SPRAYS,New Harness - Will not calibrate drive system,HARNESS  WIRE,0.0,52.05,2024
SO0059880-3,2024-02-15,PASEIH,SPRAYS,New Harness - Will not calibrate drive system,MANIFOLD,0.0,52.05,2024
SO0059915-1,2024-02-15,PASEIH,SPRAYS,No VSN or RS1,SENSOR,0.0,4.07,2024
SO0059919-5,2024-02-15,PASEIH,SPRAYS,Air Suspension not working as designed.,SENSOR,0.0,12.9299,2024
SO0059940-1,2024-02-15,PASEIH,SPRAYS,Air Suspension not working as designed.,HARNESS WIRE,422.0099,12.9299,2024
SO0059968-1,2024-02-15,PASEIH,SPRAYS,Air Suspension not working as designed.,HARNESS WIRE,220.2,12.9299,2024
SO0059968-2,2024-02-15,PASEIH,SPRAYS,Air Suspension not working as designed.,MANIFOLD,4034.15,12.9299,2024
SO0059977-1,2024-02-15,PASEIH,SPRAYS,Air Suspension not working as designed.,SENSOR,432.02,12.9299,2024
SO0060018-1,2024-02-15,PASEIH,SPRAYS,Air Suspension not working as designed.,SENSOR,100.96,12.9299,2024
SO0060020-1,2024-02-15,PASEIH,SPRAYS,Power tarp will only operate correctly,CONTROL BOX,312.0,2.9699,2024
SO0060022-10,2024-02-15,PASEIH,SPRAYS,Fuel Pressure/Temp Codes,SENSOR,20.69,11.3798,2024
SO0060022-4,2024-02-15,PASEIH,SPRAYS,Aim Command Harness Connector BrokenAutoFold Sensor Failed,SENSOR,138.66,0.0,2024
SO0060022-7,2024-02-15,PASEIH,SPRAYS,Aim Command Harness Connector BrokenAutoFold Sensor Failed,HARNESS  WIRE,1002.61,0.0,2024
SO0060022-9,2024-02-15,PASEIH,SPRAYS,Fuel Pressure/Temp Codes,HARNESS  WIRE,568.2599,11.3798,2024
SO0060030-1,2024-02-15,PASEIH,APPL,Coolant leaking out of the top nipple of the deareation tank.,TANK,449.0099,3.22,2024
SO0060038-1,2024-02-15,PASEIH,APPL,Coolant leaking out of the top nipple of the deareation tank.,GREASE 251 HEPT TUBE,0.0,3.22,2024
SO0060038-2,2024-02-16,CHR,SPRAYS,DIS#HR00136,HOOD HINGE REINFORMENT PLATE,47.48,1.75,2024
SO0060038-4,2024-02-17,PASEIH,SPRAYS,"window broke out, need to install new window. new window is cloudy need new window installed.REPAIR STARTED ON DIS WO# WN17256",DECAL,9.06,9.58,2024
SO0060038-5,2024-02-17,PASEIH,SPRAYS,"window broke out, need to install new window. new window is cloudy need new window installed.REPAIR STARTED ON DIS WO# WN17256",DECAL,9.06,9.58,2024
SO0060085-1,2024-02-17,PASEIH,SPRAYS,"window broke out, need to install new window. new window is cloudy need new window installed.REPAIR STARTED ON DIS WO# WN17256",DECAL,16.74,9.58,2024
SO0060102-2,2024-02-17,PASEIH,SPRAYS,"window broke out, need to install new window. new window is cloudy need new window installed.REPAIR STARTED ON DIS WO# WN17256",DECAL,16.73,9.58,2024
SO0060102-3,2024-02-17,PASEIH,SPRAYS,"window broke out, need to install new window. new window is cloudy need new window installed.REPAIR STARTED ON DIS WO# WN17256",WINDSHIELD,1100.42,9.58,2024
SO0060102-4,2024-02-17,PASEIH,SPRAYS,"window broke out, need to install new window. new window is cloudy need new window installed.REPAIR STARTED ON DIS WO# WN17256",DECAL,12.04,9.58,2024
SO0060107-1,2024-02-17,PASEIH,SPRAYS,"window broke out, need to install new window. new window is cloudy need new window installed.REPAIR STARTED ON DIS WO# WN17256",DECAL,29.52,9.58,2024
SO0060154-1,2024-02-17,PASEIH,SPRAYS,"window broke out, need to install new window. new window is cloudy need new window installed.REPAIR STARTED ON DIS WO# WN17256",DECAL,150.66,9.58,2024
SO0060190-2,2024-02-17,CHR,SPRAYS,REPAIR ORIGINAL STARTED ON DIS# WN17270RANDY 308-991-1970RIGHT FRONT AXLE EXTENSION SEAL LEAKING,O-RING,4.9199,0.0,2024
SO0060204-1,2024-02-17,CHR,SPRAYS,REPAIR ORIGINAL STARTED ON DIS# WN17270RANDY 308-991-1970RIGHT FRONT AXLE EXTENSION SEAL LEAKING,WIPER RING,72.3799,0.0,2024
SO0060234-1,2024-02-17,CHR,SPRAYS,REPAIR ORIGINAL STARTED ON DIS# WN17270RANDY 308-991-1970RIGHT FRONT AXLE EXTENSION SEAL LEAKING,BALL JOINT,569.1599,0.0,2024
SO0060234-3,2024-02-17,CHR,SPRAYS,REPAIR ORIGINAL STARTED ON DIS# WN17270RANDY 308-991-1970RIGHT FRONT AXLE EXTENSION SEAL LEAKING,RING SUPPORT,830.2799,0.0,2024
SO0060234-4,2024-02-17,CHR,SPRAYS,REPAIR ORIGINAL STARTED ON DIS# WN17270RANDY 308-991-1970RIGHT FRONT AXLE EXTENSION SEAL LEAKING,O-RING 2-262,91.76,0.0,2024
SO0060259-1,2024-02-17,CHR,SPRAYS,REPAIR ORIGINAL STARTED ON DIS# WN17270RANDY 308-991-1970CUSTOMER REQUEST SAID THERE ARE LEAKDS AND LOOSE BOLTS ON THE RH SIDE OF BED,BRAKE CLEAN/CAN,35.88,0.0,2024
SO0060292-1,2024-02-17,CHR,SPRAYS,REPAIR ORIGINAL STARTED ON DIS# WN17270RANDY 308-991-1970CUSTOMER REQUEST SAID THERE ARE LEAKDS AND LOOSE BOLTS ON THE RH SIDE OF BED,OIL  TRANSMISSION,66.2699,0.0,2024
SO0060328-1,2024-02-19,CHR,SPRAYS,outer axle seal leaking,SEAL,33.06,2.0,2024
SO0060346-1,2024-02-19,PASEIH,SPRAYS,CUSTOMER STATES THAT RIGHT FUEL TANK IS LEAKIING,TANK,1971.43,14.38,2024
SO0060376-1,2024-02-19,PASEIH,SPRAYS,CUSTOMER STATES THAT LEFT FUEL TANK IS LEAKING.,TANK,2211.09,6.7199,2024
SO0060395-1,2024-02-19,CHR,SPRAYS,Replace planetary plugleft rear planetary missing thrust bottom.,Wheel bearing set,211.78,4.5499,2024
SO0060395-2,2024-02-19,CHR,SPRAYS,Replace planetary plugleft rear planetary missing thrust bottom.,BUTTON THRUST MERITOR,4.6399,4.5499,2024
SO0060395-3,2024-02-19,CHR,SPRAYS,Replace planetary plugleft rear planetary missing thrust bottom.,THRUST WASHER,35.1899,4.5499,2024
SO0060395-4,2024-02-19,CHR,SPRAYS,Replace planetary plugleft rear planetary missing thrust bottom.,SCREW THRUST MER,17.99,4.5499,2024
SO0060395-5,2024-02-19,CHR,SPRAYS,Replace planetary plugleft rear planetary missing thrust bottom.,JAM NUT MERITOR,14.7,4.5499,2024
SO0060395-6,2024-02-19,CHR,SPRAYS,Replace planetary plugleft rear planetary missing thrust bottom.,ORING FILL PLUG,2.8,4.5499,2024
SO0060395-7,2024-02-19,CHR,SPRAYS,Replace planetary plugleft rear planetary missing thrust bottom.,SNAP RING,16.8,4.5499,2024
SO0060455-1,2024-02-19,CHR,SPRAYS,Replace planetary plugleft rear planetary missing thrust bottom.,PLUG OIL MERITOR,5.6,4.5499,2024
SO0060461-1,2024-02-19,CHR,SPRAYS,Replace planetary plugleft rear planetary missing thrust bottom.,CARRIER PLANETARY MERITOR,1684.97,4.5499,2024
SO0060461-2,2024-02-19,CHR,SPRAYS,Replace planetary plugleft rear planetary missing thrust bottom.,KIT PLANETARY GEAR (4GEAR ASSY,495.44,4.5499,2024
SO0060461-3,2024-02-19,CHR,SPRAYS,Replace planetary plugleft rear planetary missing thrust bottom.,O-RING,16.73,4.5499,2024
SO0060461-6,2024-02-19,CHR,SPRAYS,Replace planetary plugleft rear planetary missing thrust bottom.,NEEDLE BEARING,19.3599,4.5499,2024
SO0060501-1,2024-02-19,CHR,SPRAYS,Replace planetary plugleft rear planetary missing thrust bottom.,Wheel bearing set,95.23,4.5499,2024
SO0060521-1,2024-02-19,CHR,SPRAYS,Replace planetary plugleft rear planetary missing thrust bottom.,Spindle Nut,23.9699,4.5499,2024
SO0060521-2,2024-02-19,CHR,SPRAYS,Replace planetary plugleft rear planetary missing thrust bottom.,SUN GEAR,809.09,4.5499,2024
SO0060521-3,2024-02-19,CHR,SPRAYS,Replace planetary plugleft rear planetary missing thrust bottom.,85W140 GEARLUBE 1 QT,23.44,4.5499,2024
SO0060521-5,2024-02-19,CHR,SPRAYS,Replace planetary plugleft rear planetary missing thrust bottom.,OIL SEAL,175.53,4.5499,2024
SO0060526-1,2024-02-19,PASEIH,SPRAYS,COMPLETED 2-16-24,"GSKT,1.5 VITON",0.0,0.0,2024
SO0060558-1,2024-02-19,PASEIH,SPRAYS,COMPLETED 2-16-24,FLANGED 45 2,0.0,0.0,2024
SO0060558-2,2024-02-19,PASEIH,SPRAYS,COMPLETED 2-16-24,BOOM TUBE CLAMP,2.59,0.0,2024
SO0060558-3,2024-02-19,PASEIH,SPRAYS,COMPLETED 2-16-24,GREASE 251 HEPT TUBE,0.0,0.0,2024
SO0060558-4,2024-02-19,PASEIH,SPRAYS,COMPLETED 2-16-24,CLAMP MANIFOLD 2,0.0,0.0,2024
SO0060565-1,2024-02-19,PASEIH,SPRAYS,COMPLETED 2-22-24,SET OF WHEELS,15887.02,3.5998,2024
SO0060571-1,2024-02-19,PASEIH,SPRAYS,Completed 2-27-24,"GSKT,1.5 VITON",4.7199,60.8192,2024
SO0060574-1,2024-02-19,PASEIH,SPRAYS,Completed 2-27-24,CLAMP MANIFOLD 2,3.14,60.8192,2024
SO0060612-1,2024-02-19,PASEIH,SPRAYS,Completed 2-27-24,FLANGED 45 2,8.9399,60.8192,2024
SO0060612-2,2024-02-19,PASEIH,SPRAYS,Completed 2-27-24,1-1/2EPDM SPRAY,0.0,60.8192,2024
SO0060630-1,2024-02-19,PASEIH,SPRAYS,Completed 2-27-24,BOOM TUBE CLAMP,2.5899,60.8192,2024
SO0060726-1,2024-02-19,PASEIH,SPRAYS,COMPLETED 2-23-24,1-1/2EPDM SPRAY,65.2,56.54879999999999,2024
SO0060728-1,2024-02-19,PASEIH,SPRAYS,completed on 2-29-2024,FLOORMAT 4450,139.87,0.45,2024
SO0060728-3,2024-02-19,PASEIH,SPRAYS,completed on 2-27-24,NUT  LOCK,5.94,3.33,2024
SO0060728-4,2024-02-19,PASEIH,SPRAYS,completed on 2-27-24,LAMP  WORK,765.76,3.33,2024
SO0060728-5,2024-02-19,PASEIH,SPRAYS,completed on 2-27-24,LENS,39.96,3.33,2024
SO0060739-1,2024-02-19,PASEIH,SPRAYS,completed on 2-27-24,BOLT,31.37,3.33,2024
SO0060747-1,2024-02-19,PASEIH,SPRAYS,completed on 2-27-24,WASHER,7.49,3.33,2024
SO0060747-2,2024-02-19,PASEIH,SPRAYS,completed on 2-27-24,WASHER,5.7,3.33,2024
SO0060747-3,2024-02-19,PASEIH,SPRAYS,completed on 2-27-24,BACKER 2.5 IN TUBE,14.38,3.33,2024
SO0060747-4,2024-02-19,PASEIH,SPRAYS,completed on 2-27-24,MOUNT,74.82,3.33,2024
SO0060747-5,2024-02-19,PASEIH,SPRAYS,completed on 2-27-24,MOUNT,74.82,3.33,2024
SO0060756-1,2024-02-19,PASEIH,SPRAYS,completed on 2-27-24,LAMP,253.8199,3.33,2024
SO0060765-1,2024-02-19,PASEIH,SPRAYS,completed on 2-27-24,MOUNT,24.74,3.33,2024
SO0060765-3,2024-02-19,PASEIH,SPRAYS,completed on 2-27-24,BOLT,14.16,3.33,2024
SO0060812-1,2024-02-19,CHR,SPRAYS,FUEL CODE 5585,DIESEL FUEL,99.9,16.1999,2024
SO0060823-1,2024-02-19,CHR,SPRAYS,FUEL CODE 5585,GASKET FUEL PUMP,0.0,16.1999,2024
SO0060826-1,2024-02-19,CHR,SPRAYS,FUEL CODE 5585,SEAL MISC FUEL PUMP,0.0,16.1999,2024
SO0060872-1,2024-02-19,CHR,SPRAYS,FUEL CODE 5585,"HEAD,FUEL PUMP",1120.6,16.1999,2024
SO0060876-1,2024-02-19,PASEIH,FLOATE,Repair coap wheel concern,COIL,125.21,9.349799999999998,2024
SO0060886-1,2024-02-19,PASEIH,FLOATE,Repair coap wheel concern,"VALVE,HYDRAULIC",614.57,9.349799999999998,2024
SO0060886-2,2024-02-19,PASEIH,FLOATE,Ordered Slip mats for walkway to be installed,MAT,19.3799,5.6299,2024
SO0060886-3,2024-02-19,PASEIH,FLOATE,Ordered Slip mats for walkway to be installed,MAT,182.0,5.6299,2024
SO0060904-1,2024-02-19,PASEIH,FLOATE,Boom breakaway bumper needs repaired,BUMPER,33.78,4.5,2024
SO0060911-1,2024-02-19,PASEIH,FLOATE,Boom breakaway bumper needs repaired,CLIP,8.96,4.5,2024
SO0060917-1,2024-02-19,PASEIH,FLOATE,Boom breakaway bumper needs repaired,STOP,48.7,4.5,2024
SO0060924-1,2024-02-19,PASEIH,FLOATE,Boom breakaway bumper needs repaired,PIN,57.03,4.5,2024
SO0060949-1,2024-02-19,PASEIH,FLOATE,Full tank of Fuel and 10 Gals of Def,BULK DEF REFILL,19.1999,1.85,2024
SO0060980-3,2024-02-19,PASEIH,FLOATE,OIL LEAK,85W140 GEARLUBE 5 GAL,207.02,7.9099,2024
