VIN,TRANSACTION_ID,REPAIR_DATE,CUSTOMER_VERBATIM,CORRECTION_VERBATIM,CAUSAL_PART_NM,TOTALCOST,LBRCOST,REPAIR_AGE,KM,BUILD_COUNTRY,PLATFORM,ENGINE,COST_SEVERITY,WARRANTY_STATUS,FAILURE_SYMPTOMS_STR,REPAIR_ACTIONS_STR,COMPONENT_CATEGORY
3HCFDDE89SH220903,13021,2024-01-02,STEERING WHEEL COMING APART,REPLACED STEERING WHEEL NOW OKAY,WHEEL ASM-STRG *JET BLACK,370.03,61.46,6,8872,MX,Full-Size Trucks,LZ0,MEDIUM,OUT_OF_WARRANTY,MATERIAL_DEGRADATION,REPLACEMENT,STEERING_WHEEL_ASSEMBLY
1HRFFEE8XSZ230636,13028,2024-01-03,CUSTOMER STATES HEATED STEERING WHEEL INOP,"CHECKED - FOUND DTC'S U0229 - U1530 SET IN BCM. FOUND PIP5883J, VERIFI ED RPO OPTIONS. TESTED PER SI - WAS INCONCLUSIVE.TESTEDPERWIRING SC HEMATIC - ALL CIRCUITS TESTED OK. LOOKS LIKE FAULTY HEATED S-W MODULE. ORDERED NEW MODULE 9-26-23.1-2, REPLACEDHEATED S-W MODULE.",MODULE ASM-STRG WHL HT CONT,307.32,291.14,5,16346,US,Full-Size Trucks,LZ0,MEDIUM,EXTENDED_WARRANTY,"FUNCTIONAL_FAILURE, HEATING_RELATED","REPLACEMENT, DIAGNOSTIC",HEATING_MODULE
1HYKSMRK6SZ000990,13035,2024-01-04,OWNER REPORTS: THE SUPER CRUISE BAR ON THE STEERING WHEEL IS COMING OF F. CHECK AND ADVISE. ADVISOR RUNNING PRA TOOL.,"APPROVED 4.9(OLH) FOR ADDED DIAGNOSTICS WITH TCSC TO FIGURE OUT AND CO MPLETE PROGRAMMING WHILE REPLACING THE STEERING WHEELASSEMBLY. ROB W. 1-2-24 3-31PM OLH FOR OPEN TAC CASE, CONTACT TCSC CASE # 9-1156925877 4 MULTIPLE TIMES AND COMPLETED DRIVE MOTORSOFTWARE UPDATE PROGRAMMING . PERFORMED SYSTEM CHECK AS PER CUSTOMERS CONCERN, STEERING WHEEL COMI NG APART. CONTACTED TAC CASE#9-11503916151 "" PLEASE BE AWARE IF A DEA LER RECEIVES A REPLACEMENT SUPER CRUISE STEERING WHEEL PART NUMBER 850 13816. ONCEINSTALLED THEY WILL NEED TO CONTACT TCSC AND REQUEST THIS BELOW. APPLIES TO 2023 AND 2024. ORDER AND REPLACED STEERING WHEEL, CONTACTED TCSC MANY TIMES AND ALSO GET ASSISTANCE FROM FSE BILL M. TO CO MPLETED PROGRAMMING. PER TCSC PROGRAMMED DRIVE MOTOR CONTROLMODULE 1 WCC-FDYZ196959052 PROG, SET UP WCC-0SYY196956992. AFTER PROGRAMMING CO MPLETED PERFORMED A DRIVE CYCLE AND CHECK STEERINGWHEEL OPERATION, OP ERATING NORMALLY AT THIS TIME. MILEAGE IN 5522, MILEAGE OUT 5532. CHAR GE VEHICLE SOON!!!",WHEEL ASM-STRG *BACKEN BLACKK,3205.45,1012.67,9,8887,US,BEV,EN0,CRITICAL,OUT_OF_WARRANTY,DRIVER_ASSISTANCE,"REPLACEMENT, SOFTWARE_UPDATE, DIAGNOSTIC",STEERING_WHEEL_ASSEMBLY
3HCFDFEL3SH241701,13021,2024-01-04,CUSTOMER STATES THE LETTERING AND FINISH ON THE STEERING WHEEL IS COMING OFF. Plant: SIL,STEERING WHEEL REPLACEMENT,WHEEL ASM-STRG *JET BLACK,445.28,63.18,10,15500,MX,Full-Size Trucks,L87,MEDIUM,OUT_OF_WARRANTY,MATERIAL_DEGRADATION,REPLACEMENT,STEERING_WHEEL_ASSEMBLY
1HRFFHEL1RZ181474,13021,2024-01-05,C/S: CUSTOMER STATES THE SERVICE DRIVER ASSIST SYSTEM MESSAGE IS ON. A DVISE,REPLACED STEERING MESSAGE NO LONGER DISPLAYED,WHEEL ASM-STRG *JET BLACK,1439.65,136.0,0,8,US,Full-Size Trucks,L87,HIGH,NEW_VEHICLE,"WARNING_SYSTEM, DRIVER_ASSISTANCE",REPLACEMENT,STEERING_WHEEL_ASSEMBLY
3HRFFHED7RH167541,13026,2024-01-05,Horn and steering wheel switches are inoperable,Remove and replace steering wheel wire harness,HARNESS ASM-STRG WHL HORN SW WRG,216.75,139.84,0,14,MX,Full-Size Trucks,L84,MEDIUM,NEW_VEHICLE,FUNCTIONAL_FAILURE,REPLACEMENT,WIRING_HARNESS
1HRFFHEL4RZ149960,13071,2024-01-05,CUST. STATES DRIVERS ASSIST LIGHT COMES ON DASH -SUPER CRUISE/LANE DEPARTURE WORKS INTERMITTENTLY-WAS DIAG. FORASTEERINGWHEELMODULE.,"ACCESSED, REMOVED AND REPLACED THE DRIVERS ASSISTANCE SYSTEMS MODULE. ACCESSED THE DIAGNOSTICPORTANDREPROGRAMMEDTHESYSTEMCALIBRATION USING THE MDI-2 WITH A WARRANTY CLAIM PROGRAMMING CODE OF FDYZ197418154. ROAD TESTEDTHEVEHICLETOVERIFYREPAIRS. THESYSTEM IS NOW OPERATING AS DESIGNED.",WHEEL ASM-STRG *JET BLACK,1488.94,150.03,2,856,US,Full-Size Trucks,L87,HIGH,BASIC_WARRANTY,"WARNING_SYSTEM, DRIVER_ASSISTANCE","REPLACEMENT, REPAIR, SOFTWARE_UPDATE, DIAGNOSTIC",STEERING_WHEEL_ASSEMBLY
3HCFDFED4SH352945,13021,2024-01-05,Special Order Part [ steering wheel heated steering wheel not working ],REPLACED STEERING WHEEL,WHEEL ASM-STRG *JET BLACK,427.08,57.61,3,4065,MX,Full-Size Trucks,L84,MEDIUM,BASIC_WARRANTY,"FUNCTIONAL_FAILURE, HEATING_RELATED",REPLACEMENT,STEERING_WHEEL_ASSEMBLY
1HRF9CED6NZ221061,13021,2024-01-08,CUSTOMER STATES STEERING WHEEL IS MAKING A RUBBING NOISE WHEN TURING THE WHEEL LEFT AND RIGHT,TECHNICIAN FOUND THE STEERING COLUMN PLASTIC TRIM WAS NOT ALIGNED PROPERLY ADJUSTED TRIM AND FOUND THE CUSTOMER CONCERN IS NOLONGER PRESENT,UNKNOWN,27.69,27.69,21,31611,US,Full-Size Trucks,L84,LOW,OUT_OF_WARRANTY,NOISE_ISSUE,ADJUSTMENT,UNKNOWN
1HRFFHEL8RZ133325,13074,2024-01-09,Customer states that they are getting a message on the dash saying driver assist message. Check and advise,Steering Wheel Replacement,WHEEL ASM-STRG *VERY DARK AT,1147.09,146.06,4,8304,US,Full-Size Trucks,L87,HIGH,EXTENDED_WARRANTY,"WARNING_SYSTEM, DRIVER_ASSISTANCE",REPLACEMENT,STEERING_WHEEL_ASSEMBLY
1HCFDHE86SZ274242,13023,2024-01-09,C/S: REMOVED STEERING WHEEL TO GAIN ACCESS TO BACK SIDE OF STEERING WHEEL WHERE TRIM IS THAT IS PROTRUDING AND REPLACED TRIM ANDSTILL IS PRETRUDING. ISSUE IS IN STEERING WHEEL ASSEMBLY reference ro# 82289 -- GM AUTHORIZATION# 490759800000,"GAINED ACCESS AND REMOVED OLD STEERING WHEEL AFTER DISCONNECTING BATTERY NEGATIVE. INSTALLED NEW STEERING WHEEL, APPLIED LOCTITE TOBOLT THAT RETAINS STEERING WHEEL. TIGHTED BOLT. RE INSTALLED AIR BAG, RE INSTALLED TRIM. RE CONNECTED BATTERY, CHECKED FOR ANYPROTRUDING FROM STEERING WHEEL MOLDING, ALL OK NOW GM AUTHORIZATION# 490759800000",WHEEL ASM-STRG *JET BLACK,476.16,63.99,8,6204,US,Full-Size Trucks,LZ0,MEDIUM,OUT_OF_WARRANTY,OTHER,OTHER,STEERING_WHEEL_ASSEMBLY
1HYKNDRS3MZ177921,13027,2024-01-10,C/S: CUSTOMER STATES THERE IS A PIECE OF THE STEERING WHEEL STICKING UP. SOP PART IS IN,TECH REPLACED STEERING WHEEL TO CORRECT PRA 487188600000,WHEEL ASM-STRG *DARK TITANIU,322.13,53.46,35,70354,US,Global Crossover Vehicles,LGX,MEDIUM,OUT_OF_WARRANTY,OTHER,REPLACEMENT,STEERING_WHEEL_ASSEMBLY
1HYKSMRK4SZ001121,13025,2024-01-10,(INSTALL SPECIAL ORDER PART) CUSTOMER STATES THE RIGHT SIDE STEERING WHEEL SUPER CRUISE PLASTIC COVER IS LIFTING UP AND NOT SECURE.PRA 491752600000,REPLACED STEERING WHEEL ASMY,WHEEL ASM-STRG *BACKEN BLACKK,1414.83,95.5,6,12628,US,BEV,EN0,HIGH,OUT_OF_WARRANTY,DRIVER_ASSISTANCE,REPLACEMENT,STEERING_WHEEL_ASSEMBLY
1H6DS5RK6S0127345,13025,2024-01-10,Customer states heated steering wheel isnt working,Replaced heated steering wheel,WHEEL ASM-STRG *BLACK,562.5,85.86,12,19743,US,Luxury Car-3,LSY,HIGH,OUT_OF_WARRANTY,HEATING_RELATED,REPLACEMENT,STEERING_WHEEL_ASSEMBLY
1HC4YSEY3RF110164,13023,2024-01-10,CUSTOMER STATES STEERING WHEEL CONROL PASSENGER SIDE REAR ON THE STEER ING WHEEL IS LOOSE SOP PART,CHECKED AND VERIFIED CUSTOMER CONCERN AND FOUND TRIM PIECE LOOSE REMOV ED REPLACED TRIM PIECE ON THE BACK OF THE PASSENGER SIDE OFSTEERING W HEEL COMPLETE,COVER-STRG WHL AIRBAG ACC HOLE *JET BLACK,63.1,61.27,9,17675,US,Full-Size Trucks,L5P,LOW,OUT_OF_WARRANTY,OTHER,REPLACEMENT,OTHER_COMPONENT
1HKS1JKL0SR282668,13024,2024-01-11,CUSTOMER STATES CK HORN ON THE STEERING WHEEL ONLY WORKS IN THE MIDDLE ON THE SIDE IT DOES NO WORK,"VERIFIED CUSTOMER CONCERN ABOUT A HORN INOP. I FOLLOWED DOCUMENT 4374183 TO DIAGNOSE THIS CONCERN. I MONITORED SCAN TOOL DATA FORTHE HORN ACTIVATION WHILE PRESSING THE HORN AND IT WAS CHANGING INTERMITTENTLY. I THEN TESTED CIRCUITS 3287 AT THE STEERING WHEELFOR A SHORT AND ALL WAS OK, I THEN TESTED CIRCUIT 6051 AND GROUND CIRCUIT HAD NO HIGH RESISTANCE. I THEN TESTED TERMINAL TENSION ONTHE STEERING WHEEL HARNESS AND FOUND LOOSE TENSION ON THE HORN CONNECTION AND REQUIRED A HARNESS REPLACEMENT I THEN REPLACED THESTEERING WHEEL HARNESS. AFTER REPAIRS, THE VEHICLE IS NOW HONKING AS DESIGNED",HARNESS ASM-STRG WHL HORN SW WRG,275.55,202.67,10,21295,US,Full-Size Utility,L87,MEDIUM,OUT_OF_WARRANTY,OTHER,"REPLACEMENT, REPAIR, DIAGNOSTIC",WIRING_HARNESS
1HC4Y9EY2MF192148,13026,2024-01-11,�������� ������ ����������,Steering Wheel Replacement,WHEEL ASM-STRG *JET BLACK,221.83,28.0,33,107905,US,Full-Size Trucks,L5P,MEDIUM,OUT_OF_WARRANTY,OTHER,REPLACEMENT,STEERING_WHEEL_ASSEMBLY
1H1FZ6S00N4109597,13025,2024-01-11,"HEATED STEERING WHEEL INOP. WHEN YOU HIT THE BUTTON ON IT TURNS OFF IMMEDIATELY. WHEN REMOTE STARTING IT, IT WILL TURN LIGHT ON BUTNEVER HEAT UP. - RO 6124563 - RO 6126117 - DAVE - PRA #495554400000","REPLACE STEERING WHEEL CHECK OK 1699-,0130",WHEEL ASM-STRG *JET BLACK,457.47,62.02,17,42079,US,Global Gamma,EN0,MEDIUM,OUT_OF_WARRANTY,"FUNCTIONAL_FAILURE, HEATING_RELATED, WARNING_SYSTEM",REPLACEMENT,STEERING_WHEEL_ASSEMBLY
1HNEVKKW6SJ216435,13025,2024-01-11,STEERING WHEEL FRAYING PARTS ARE IN,INSTALLED SPECIAL ORDERED STEERING WHEEL DUE TO THREADS FRAYING ON WHE EL 0130 .4 629,WHEEL ASM-STRG * JET BLACK,395.44,50.27,10,17774,US,Crossover SUV,LFY,MEDIUM,OUT_OF_WARRANTY,OTHER,OTHER,STEERING_WHEEL_ASSEMBLY
1HR49WEY2NF322460,13024,2024-01-11,Added Operation horn doesnt work hasnt worked since brand new Tech Cause horn connector not fully seated on harn assembly anddisconnected Tech Comments Reconnected horn checked operation ok,"Reconnected horn checked operation, ok.",UNKNOWN,31.6,31.6,20,34161,US,Full-Size Trucks,L5P,LOW,OUT_OF_WARRANTY,OTHER,OTHER,UNKNOWN
3HRFFCER3NH528824,13025,2024-01-11,CUSTOMER STATES STITCHING ON STEERING WHEEL IS COMING UNDONE ON THE RI GHT SIDE,"PRA APPROVED, PRA #495794600000 FOUND THE STEERING WHEEL TO BE COMING APART. REPLACED THE STEERING WHEEL. VERIFIED REPAIR.",WHEEL ASM-STRG *BLACK,621.34,107.28,22,34260,MX,Full-Size Trucks,LM2,HIGH,OUT_OF_WARRANTY,MATERIAL_DEGRADATION,"REPLACEMENT, REPAIR",STEERING_WHEEL_ASSEMBLY
1HYKNDR46NZ151056,13025,2024-01-12,customer states chrome trim on steering wheel is cracked,replaced steering wheel trim ring,COVER-STRG WHL SPOKE *LINEAR GALAXD,386.62,51.75,21,24129,US,Global Crossover Vehicles,LSY,MEDIUM,OUT_OF_WARRANTY,OTHER,REPLACEMENT,OTHER_COMPONENT
1HNEVNKW4SJ144359,13025,2024-01-12,CUSTOMER STATES THE LEATHER ON STEERING WHEEL IS COMING APART - SOPHERE,LEATHER PULLING AWAY FROM WHEEL 0130 0.40 REPLACEDSTEERING WHEEL PRE AUTH 488737400000,WHEEL ASM-STRG * JET BLACK,436.5,56.87,15,35914,US,Crossover SUV,LFY,MEDIUM,OUT_OF_WARRANTY,MATERIAL_DEGRADATION,REPLACEMENT,STEERING_WHEEL_ASSEMBLY
3HRS9EED0LH255650,13025,2024-01-12,CUSTOMER STATES THE STEERING WHEEL BEZEL IS PEELING.,"Steering Wheel Spoke Cover, PER GOODWILL ASSISTANCE, CUSTOMER HAS A DEDUCTIBLE OF $86.45",APPLIQUE ASM-STRG WHL TR SPOKE CVR *VULCAN,214.4,78.0,47,59192,MX,Full-Size Trucks,L84,MEDIUM,OUT_OF_WARRANTY,MATERIAL_DEGRADATION,OTHER,OTHER_COMPONENT
1HKS2JKR2NR336997,13073,2024-01-12,CUSTOMER STATES STEERING WHEELS STICHING COMING APART,replaced steering wheel no further action required.,WHEEL ASM-STRG *VERY DARK AT,454.63,73.62,18,32616,US,Full-Size Utility,LM2,MEDIUM,OUT_OF_WARRANTY,MATERIAL_DEGRADATION,REPLACEMENT,STEERING_WHEEL_ASSEMBLY
1HCFDEED3SZ308171,13037,2024-01-12,WRAP ON THE STEEERING WHEEL IS PEELING ***NEED PRA DONE BY MANAGEMENT****,Replaced steering wheel,WHEEL ASM-STRG *JET BLACK,456.98,69.06,4,8678,US,Full-Size Trucks,L84,MEDIUM,EXTENDED_WARRANTY,MATERIAL_DEGRADATION,REPLACEMENT,STEERING_WHEEL_ASSEMBLY
1HYKNHRS1LZ157005,13025,2024-01-12,C/S CARBON FIBER APPLIQUE ON STEERING WHEEL IS PEELING OFF. SOP IN,REPLACE STEERING WHEEL SWITCH TRIM (SOP PART BEFORE WARRANTY EXPIRATIO N),COVER-STRG WHL SPOKE *HI GLOSS V-C,695.8,57.26,50,56575,US,Global Crossover Vehicles,LGX,HIGH,OUT_OF_WARRANTY,MATERIAL_DEGRADATION,REPLACEMENT,OTHER_COMPONENT
1HRFFHEL8RZ133325,13048,2024-01-15,CUST STS THE HEATED STEERING WHEEL WILL TURN ON AT TIMES AND THE TURN OFF ON ITS OWN AND NOT WORK. MOST OF THE TIMETHEWHEELWILLNOTTURN ON AND WORK,"TECH WAS ABLE TO VERIFY CUSTOMERS CONCERN OF HEATED STEERING WHEEL INOP. TECH CHECKED CONNECTION TO THESTEERINGWHEELANDFOUNDHEATING STEERING WHEEL HAS INTERNAL MALFUNCTION AT HARNESS(BROKEN), ORDERED/INSTALLED NEW STERRING WHEEL, OAD",WHEEL ASM-STRG *JET BLACK,1006.1,165.58,1,583,CA,Full-Size Trucks,L84,HIGH,NEW_VEHICLE,"FUNCTIONAL_FAILURE, HEATING_RELATED",OTHER,STEERING_WHEEL_ASSEMBLY
1HCFYEED6NZ182017,13040,2024-01-15,TRIM OR MOULDING DIAGNOSIS TRIM OR MOULDING DIAGNOSIS - C/S: CUSTOMER REQUEST ED TO INSTALL CORRECT STEERING WHEEL PER SOP - PREVRO 6012971,0130 Labor 0.4 -Removed and replaced steering wheel with correct unit. Verified operation.,WHEEL ASM-STRG *JET BLACK,299.77,91.4,23,24983,US,Full-Size Trucks,L84,MEDIUM,OUT_OF_WARRANTY,OTHER,REPLACEMENT,STEERING_WHEEL_ASSEMBLY
1HCFDEED5SZ117691,13025,2024-01-15,INSTALL SOP. CUSTOMER STATES STITCHING ON STEERING WHEEL IS COMING APART,"PER LAST REPAIR ORDER, REPLACED STEERING WHEEL. PRA#493156300000",WHEEL ASM-STRG *JET BLACK,432.68,113.09,12,24925,US,Full-Size Trucks,L84,MEDIUM,OUT_OF_WARRANTY,MATERIAL_DEGRADATION,"REPLACEMENT, REPAIR",STEERING_WHEEL_ASSEMBLY
3HNKBHRS8SS220860,13029,2024-01-15,-C/C BACK OF THE STEERING WHEEL HAS A BUMP THAT CATCHES THE HAND WHENE VER YOU STEER THE WHEEL - PARTS IN SOR M19630,TECH DUPLICATED C-C. FOUND THERE TO BE A DEFECT IN THE LEATHER WRAP ON THE TOP OF THE STEERING WHEEL. RECOMMEND REPLACING STEERINGWHEEL TO FIX CONCERN. TECH REPLACED STEERING WHEEL.,WHEEL ASM-STRG *JET BLACK,321.43,61.57,7,12782,MX,Crossover SUV,LGX,MEDIUM,OUT_OF_WARRANTY,OTHER,REPLACEMENT,STEERING_WHEEL_ASSEMBLY
1HR49SE7XRF103023,13026,2024-01-15,CUST STATES STEERING WHEEL MATERUIAL DELAMINATION AT BOTTOM,"INSPECTED STEERING WHEEL, FOUND LEATHER PEELING AT BOTTOM OFSTEERING WHEEL DUE TO FAILED ADHESIVE, REPLACED STEERING WHEEL",WHEEL ASM-STRG *JET BLACK,487.54,71.41,10,29910,US,Full-Size Trucks,L8T,MEDIUM,OUT_OF_WARRANTY,OTHER,REPLACEMENT,STEERING_WHEEL_ASSEMBLY
3HRFFEE82RH175165,13029,2024-01-16,"CUSTOMER STATES STEERING WHEEL DOES NOT HEAT, BUTTON PUSHED AND TURNS OFF IMMEDIATELY, PARTS ORDERED.",REPLACE STEERING WHEEL ASSEMBLY CHECK OPERATION OK PRA # 496439500000,WHEEL ASM-STRG *JET BLACK,511.39,72.57,2,1996,MX,Full-Size Trucks,LZ0,HIGH,BASIC_WARRANTY,HEATING_RELATED,REPLACEMENT,STEERING_WHEEL_ASSEMBLY
3HCND9ED5SH144160,13027,2024-01-16,Steering wheel strings loose .,REPLACED STEERING WHEEL.,WHEEL ASM-STRG *VERY DARK AT,297.03,20.0,4,4421,MX,Full-Size Trucks,L84,MEDIUM,EXTENDED_WARRANTY,OTHER,REPLACEMENT,STEERING_WHEEL_ASSEMBLY
1HYKSSRL1RZ101481,13039,2024-01-16,CUSTOMER STATES THE STEERING WHEEL IS BUBBLING ON INSIDE LEF T SIDE,REMOVED AND REPLACED STEERING WHEEL,WHEEL ASM-STRG *BACKEN BLACKK,737.49,84.22,7,7199,US,BEV,EN0,HIGH,OUT_OF_WARRANTY,OTHER,REPLACEMENT,STEERING_WHEEL_ASSEMBLY
1HR49REY4SF251024,13029,2024-01-16,C/S: CUST STATES LEATER AT THE BOTTOM OF THE STEERING WHEELE IS COMING APART PLEASE SEE HISTORY FOR APPROVED PRA ONPREVIOUSROPRA#495602900000,INSPECTED AND CONFIRMED STEERING WHEEL LEATHER COMING APART. SUBMITTED PRA AND WAS APPROVED. NECESSARY TO REMOVE ANDREPLACESTEERINGWHEEL PRA# 495602900000,WHEEL ASM-STRG *JET BLACK,521.02,90.02,10,22629,US,Full-Size Trucks,L5P,HIGH,OUT_OF_WARRANTY,MATERIAL_DEGRADATION,REPLACEMENT,STEERING_WHEEL_ASSEMBLY
3HCFDFED5SH364828,13030,2024-01-16,CUSTOMER STATES STEERING HEATING BUTTON TURNS OFF AFTER 1 MINUTE AND CANNOT BE TURN BACK ON - CHECK AND ADVISE,REMOVED AND REPLACED HEATED STEERING WHEEL MODULE. CLEAR CODES RECHECK OK. HEATED STEERING WHEEL NOW OPERATING AS DESIGNED.2400---------.6 DIAG------------1.0,UNKNOWN,468.16,330.16,1,697,MX,Full-Size Trucks,L84,MEDIUM,NEW_VEHICLE,HEATING_RELATED,REPLACEMENT,UNKNOWN
2HC4YSEY1S1701193,13030,2024-01-16,CUSTOMER STATES HEATED STEERING WHEEL INOP SOP HERE,REPLACED HEATED STEERING WHEEL MODULE. VERIFIED PROPER OPERATION,MODULE ASM-STRG WHL HT CONT,227.2,131.06,12,26487,CA,Full-Size Trucks,L5P,MEDIUM,OUT_OF_WARRANTY,"FUNCTIONAL_FAILURE, HEATING_RELATED",REPLACEMENT,HEATING_MODULE
1HKS2JKL9MR285352,13030,2024-01-17,CUSTOMER STATES THAT THE STEERING WHEEL COVER IS COMING APART.,WHEEL COMING APART AT STITCHING. REPLACE STEERING WHEEL 0130 0.4 PR A ATTACH #483410100000,WHEEL ASM-STRG *JET BLACK,519.97,86.57,35,28635,US,Full-Size Utility,L87,HIGH,OUT_OF_WARRANTY,MATERIAL_DEGRADATION,REPLACEMENT,STEERING_WHEEL_ASSEMBLY
1HNSKRKD0RR120386,13030,2024-01-17,STEERING WHEEL DAMAGED IN TRANSIT - TEAR/RIP ON RIGHT HAND SIDE ABOVE HAND CONTROLS FOR DIC - REFERENCE PDI RO WHERE DAMAGE WASCAUGHT RO IS 567382,"ACCESSED, REMOVED AND REPLACED THE STEERING WHEEL WITH ALL OTHER RELATED NEW SEALS GASKETS AND/OR NON-REUSABLE HARDWARE ANDREINSTALLED ALL COMPONENTS REMOVED FOR REPAIRS IN THE REVERSE ORDER OF REMOVAL. THE SYSTEM IS NOW OPERATING AS DESIGNED.,0130",WHEEL ASM-STRG *JET BLACK,411.41,62.06,0,3,US,Full-Size Utility,L84,MEDIUM,NEW_VEHICLE,MATERIAL_DEGRADATION,"REPLACEMENT, REPAIR",STEERING_WHEEL_ASSEMBLY
1HCFDEER5NZ580922,13026,2024-01-17,HEATED STEERING WHEEL INOP,tech 573 Replaced heated steering wheel module,MODULE ASM-STRG WHL HT CONT,284.04,206.58,10,35617,US,Full-Size Trucks,LM2,MEDIUM,OUT_OF_WARRANTY,"FUNCTIONAL_FAILURE, HEATING_RELATED",REPLACEMENT,HEATING_MODULE
1HRS9EED3MZ313803,13035,2024-01-18,INSPECT AND ADVISE........HEATED STEERING WHEEL IS NON-OPP.,TESTED AND VERIFIED HEATED STEERING WHEEL INOP. LIGHT TURNS ON BUT WHE EL WILL NOT GET WARM. CHECKED FOR CODES- NO CODES. CHECKEDFOR BULLETI NS - NONE RELATED. TESTED AS PER SI DIAGNOSIS - INTERNAL HEATING ELEME NT HAS FAILED. WILL NEED TO REPLACE STEERINGWHEEL. SUBMITTED PRA AND GOT APPROVAL FOR WHEEL REPLACEMENT. REPLACED STEERING WHEEL AND TESTED - ALL OK. PRA AUTH CODE-496425100000 LOC 0130 (BASE+DIAG),WHEEL ASM-STRG *BLACK,445.12,74.2,32,45624,US,Full-Size Trucks,L84,MEDIUM,OUT_OF_WARRANTY,HEATING_RELATED,"REPLACEMENT, DIAGNOSTIC",STEERING_WHEEL_ASSEMBLY
2HCFDEED4R1147650,13030,2024-01-18,"CUSTOMER STATES THE STEERING WHEEL IS PEELING, REFERENCE PREVIOUS REPAIR ORDER 6140479, MANAGER SUBMITTED FOR PREAUTHORIZATION AND RECEIVED APPROVAL CODE 493245700000","removed air bag, replaced steering wheel, reinstalled airbag. no further action required",WHEEL ASM-STRG *VERY DARK AT,500.38,74.99,3,4566,CA,Full-Size Trucks,L84,HIGH,BASIC_WARRANTY,MATERIAL_DEGRADATION,REPLACEMENT,STEERING_WHEEL_ASSEMBLY
1HR49XEY0RF190021,13028,2024-01-18,STEERING WHEEL TRIM AS PER LAST REPAIR ORDER,NECESSARY TO REPLACE STEERING WHEEL SPOKE COVER AND RETEST. OK,APPLIQUE ASM-STRG WHL TR SPOKE CVR *JET BLACK,403.63,86.79,5,10261,US,Full-Size Trucks,L5P,MEDIUM,EXTENDED_WARRANTY,OTHER,REPLACEMENT,OTHER_COMPONENT
1HR19SEY5RF265525,13054,2024-01-19,"CHECK AND REPORT STEERING WHEEL ONLY STAYS LUKE WARM, AND DOESNT WORK AFTER 5 MIN OR SO-it won't turn on","DIAGNOSIS OF OPEN CIRCUIT INSIDE WHEEL. REPLACE STEERING WHEEL ( 0130 .3+ .4= .7 HRS ),Steering Wheel Replacement GM PREAUTH# 498654000000",WHEEL ASM-STRG *JET BLACK,457.98,83.26,1,9021,US,Full-Size Trucks,L5P,MEDIUM,NEW_VEHICLE,OTHER,REPLACEMENT,STEERING_WHEEL_ASSEMBLY
1HCFYEEL0NZ210174,13056,2024-01-20,STEERING WHEEL LEATHER IS LOOSE ON BOTTOM,REMOVE AND REPLACE STEERING WHEEL DUE TO LEATHER DEFECT.,WHEEL ASM-STRG *JET BLACK,787.93,66.47,23,35452,US,Full-Size Trucks,L87,HIGH,OUT_OF_WARRANTY,OTHER,REPLACEMENT,STEERING_WHEEL_ASSEMBLY
1HCFDEED0NZ543303,13030,2024-01-22,C/S: CLIENT STATES STEERING WHEEL PULLING APART INSTALL SOPSTEERING WHEEL PRE AUTH IN HISTORY,REMOVED AND REPLACED STEERING WHEEL ASSEMBLY.,WHEEL ASM-STRG *JET BLACK,514.0,77.1,15,35201,US,Full-Size Trucks,L84,HIGH,OUT_OF_WARRANTY,OTHER,REPLACEMENT,STEERING_WHEEL_ASSEMBLY
1HCRYDED2NZ208869,13037,2024-01-23,"CUSTOMER REPORTS AFTER HEATED STEERING WHEEL RETROFIT, STEERING WHEEL IS OFF CENTRE NOW. CHECK AND ADVISE / /",TEST DROVE AND CONFIRMED CUSTOMER COMPLAINT BROUGHT IN SCANNED AND CHE CKED BULLETINS REQUIRE MORE TIME TO REMOVE AIR BAG ANDLOOKAT STEERIN G WHEEL AUTH C. J. 1327 JAN 23 2023 ST APPROX 1.0 DISABLED SRS SYSTEM REMOVED AIR BAG AND STEERING WHEEL FOUNDSTEERINGWHEEL IS OFF CENTER REPAIRED SPLINES IN ORDER TO GET STEERING WHEEL LINED UP LINED STEERIN G WHEEL UP WITH WHERE STEERINGWHEEL ISKEYED PUT BACK ON TORQUED TO S PECIFICATION PUT AIR BAG BACK TEST DROVE AND CONFIRMED STEERING WHEEL IS NOW STRAIT NOT ASSTRAITON SOME ROADS DEPENDING ON ROAD CROWN,UNKNOWN,127.98,127.98,23,26802,US,Full-Size Trucks,L84,MEDIUM,OUT_OF_WARRANTY,HEATING_RELATED,REPAIR,UNKNOWN
5HAERBKW0LJ197079,13033,2024-01-23,C.S STEERING WHEEL STITCHING SEEMS TO BE COMING APART ON TOP RIGHT HAN D CORNER,REPLACED STEERING WHEEL,WHEEL ASM-STRG *BLACK,200.0,68.86,49,39870,US,Crossover SUV,LFY,MEDIUM,OUT_OF_WARRANTY,MATERIAL_DEGRADATION,REPLACEMENT,STEERING_WHEEL_ASSEMBLY
1HYKSDRS0SZ164445,13033,2024-01-24,CUSTOMER STATES INSTALLED STEERING WHEEL,PRE APPROVAL NUMBER 496720400000 HEATED STEERING WHEEL LIGHT NOT WORKI NG TRACE TO FAULTY LIGHT IN SWITCH REPLACE STEERING WHEEL.,WHEEL ASM-STRG *BLACK,1712.85,81.85,9,9090,US,Global Crossover Vehicles,LGX,CRITICAL,OUT_OF_WARRANTY,OTHER,REPLACEMENT,STEERING_WHEEL_ASSEMBLY
1H1JD5SB0L4142407,13039,2024-01-25,CS THE STEERING WHEEL IS PEALING AND SEPARATING-INSTALL SOP REFER TO RO 412613,replace steering wheel sop ordered on ro 412613,WHEEL ASM-STRG *JET BLACK,412.41,62.4,39,9109,US,Global Gamma Vehicles,LUV,MEDIUM,OUT_OF_WARRANTY,OTHER,REPLACEMENT,STEERING_WHEEL_ASSEMBLY
1HYKN9RS3NZ156257,13034,2024-01-25,STEERING WHEEL MOLDING CAME OFF,"STEERING WHEEL COVER REPLACEMENT PART IN BACKORDER, ORDER CONTROL 36683082",COVER-STRG WHL SPOKE *HI GLOSS V-C,960.87,22.93,13,29915,US,Global Crossover Vehicles,LGX,HIGH,OUT_OF_WARRANTY,OTHER,REPLACEMENT,OTHER_COMPONENT
1HRS9EED9MZ268771,13037,2024-01-25,"C/S THE STEERING WHEEL IS PEELING IN SOME AREAS. CUSTOMER REQUEST ASSI STANCE TO REPLACE STEERING WHEEL. APPROVED, SOP HERE",REPLACED STEERING WHEEL ASSEMBLY. CUSTOMER TO PAY WARRANTY DEDUCTIBLE,WHEEL ASM-STRG *BLACK,143.68,70.76,35,80805,US,Full-Size Trucks,L84,MEDIUM,OUT_OF_WARRANTY,MATERIAL_DEGRADATION,REPLACEMENT,STEERING_WHEEL_ASSEMBLY
1HKS2JKL7SR422793,13033,2024-01-26,"CUST STATES THE STITCHING ON STEERING WHEEL IS LOOSE, PLEASE CHECK AND ADVISE.",Replaced steering wheel,WHEEL ASM-STRG *FAWN,963.92,56.55,5,12323,US,Full-Size Utility,L87,HIGH,EXTENDED_WARRANTY,MATERIAL_DEGRADATION,REPLACEMENT,STEERING_WHEEL_ASSEMBLY
1HYKNHRS5NZ163005,13034,2024-01-26,CUSTOMER STATE BEZEL ON STEERING WHEEL IS COMING APART. PART ORDERED A ND IN STOCK FOR INSTALL,REPLACED COVER,COVER-STRG WHL SPOKE *HI GLOSS V-C,697.51,65.86,16,26760,US,Global Crossover Vehicles,LGX,HIGH,OUT_OF_WARRANTY,MATERIAL_DEGRADATION,REPLACEMENT,OTHER_COMPONENT
3HCFYHED7NH206711,13034,2024-01-26,"CUSTOMER STATES THAT THE CRUISE CONTROL IS NOT WORKING, CUSTOMER STATES THAT THEY WILL ENABLE THE CRUISE CONTROL USING THE BUTTONBUT THE VEHICLE WILL NOT HOLD THE SPEED. PLEASE ADVISE OK PART WARRANTY REFER TO PREVIOUS REPAIR ORDER 27724 1.16.24 @ 19373 MILES.OK REPLACEMENT OF COMPLETE STEERING WHEEL VS. SWITCH ONLY REPLACEMENT TO ENSURE INTEGRITY OF REPAIR MIKE A. 1.26.24 @ 11:04 AM PRASUBMITTED AND APPORVED FOR REPLACEMENT OF STEERING WHEEL PRA # 496887800000 MIKE A. 1.26.24 @ 11:48 AM OK R AUTHORIZATION FORREPEAT REPAIR, PART CONCERN NO TECH ERROR MIKE A.","REPLACED STEERING WHEEL AND RETESTED OPERATION, VERIFIED ALL STEERING WHEEL SWITCHES OPERATING AS INTENDED. 19547-19550 MT",WHEEL ASM-STRG *JET BLACK,250.47,77.69,21,31458,MX,Full-Size Trucks,L84,MEDIUM,OUT_OF_WARRANTY,"FUNCTIONAL_FAILURE, DRIVER_ASSISTANCE","REPLACEMENT, DIAGNOSTIC",STEERING_WHEEL_ASSEMBLY
1H1FW6S02N4102661,13054,2024-01-26,HEATED VOLAN DEVARQUE BY ITSELF INTERMITTENT CUSTOMER MUST RETURN THEM,REPLACE HEATED STEERING MODULE,MODULE ASM-STRG WHL HT CONT,124.57,102.14,31,59355,US,Global Gamma,EN0,MEDIUM,OUT_OF_WARRANTY,HEATING_RELATED,REPLACEMENT,HEATING_MODULE
1HYFZFR46SF102560,13034,2024-01-26,#UPDATE#CUSTOMER STATES VEHICLE'S STEERING WHEEL WAS SMOKING OUT OF THERIGHT SIDE OF WHEEL AND AFTER STEERING WHEEL HEATER WAS SHUTOFF SMOKING STOPPED. PLEASE CHECK AND ADVISE.C/S: SOP INSTALL PARTS HERE PER DREW H. - HISTORY RO 431014 - STEERING WHEEL -CUSTOMERTO SEE ROB C.,"installed steering wheel from last visit, tested all functions, everything is fine now",WHEEL ASM-STRG *JET BLACK,394.32,201.15,16,24304,US,GLOBAL EPSILON II,LSY,MEDIUM,OUT_OF_WARRANTY,HEATING_RELATED,DIAGNOSTIC,STEERING_WHEEL_ASSEMBLY
1H1FZ6S01N4111553,13043,2024-01-26,CUSTOMER STATES HEATED STEERING WHEEL IS NOT WORKING,DIAGNOSE HEATED STEERING WHEEL DOES NOT GET WARM WITH NO CODES SETTING . TEST AND FOUND BUTTON LIGHTS WHEN DEPRESSED AND GOES OFFRIGHT AWAY. VERIFY FUSE F26DA IS GETTING POWER. REMOVE AIRBAG ASSEMBLY AND VERIFY POWER TO HEATED STEERING MODULE. DISSASEMLBEAND TEST CIRCUITS FOR ST EERING WHEEL HEATER AND FOUND HEATER CIRCUIT OPEN. REASSEMBLE AND ORDE R NEW STEERING WHEEL ASSEMBLY.INSTALL NEW STEERING WHEEL AT 2ND VISIT AND VERIFY PROPER OPERATION.,WHEEL ASM-STRG *JET BLACK,603.59,191.16,17,40734,US,Global Gamma,EN0,HIGH,OUT_OF_WARRANTY,"FUNCTIONAL_FAILURE, HEATING_RELATED",OTHER,STEERING_WHEEL_ASSEMBLY
1H1FZ6S08N4104213,13081,2024-01-27,CUSTOMER STATES SUPERCRUISE DOES NOT WORK. DIAGNOSE AND ADVISE.,"C-S SUPER CRUISE INOP. VERIFIED SUPER CRUISE IS INOP. SCAN DTC'S. B290 A FLOW CHART DOC ID #4862361 - VERIFIED NO OTHER DTC'S SETINACTIVE S AFETY CONTROL MODULE, AND HAS COMMUNICATION. CLEARED DTC. DTC B290A RE SETS. REPLACE STEERING WHEEL. CLEAR DTC TESTDROVE.NO DTCS SETTING AT THIS TIME. CRUISE IS WORKING. NOT IN AN AREA FOR SUPERCRUISE. DIAGNOS IS ON RO 142670",WHEEL ASM-STRG *JET BLACK,1656.85,151.92,19,24507,US,Global Gamma,EN0,CRITICAL,OUT_OF_WARRANTY,"FUNCTIONAL_FAILURE, DRIVER_ASSISTANCE",REPLACEMENT,STEERING_WHEEL_ASSEMBLY
1HC4YSEY6SF164779,13042,2024-01-29,ck heated steering wheel inop,0130/0.4/0.3 total/0.7 replace steering.wontheat up,WHEEL ASM-STRG *VERY DARK AT,513.95,158.65,14,16932,US,Full-Size Trucks,L5P,HIGH,OUT_OF_WARRANTY,"FUNCTIONAL_FAILURE, HEATING_RELATED",REPLACEMENT,STEERING_WHEEL_ASSEMBLY
3HNKBKRSXSS106498,13035,2024-01-29,Customer Complaint Steering wheel has buble under leather,"1replaced steering wheel, all ok","WHEEL,STRG *JET BLACK",362.69,40.15,4,5248,MX,Crossover SUV,LGX,MEDIUM,EXTENDED_WARRANTY,OTHER,REPLACEMENT,STEERING_WHEEL_ASSEMBLY
1H1FF1R79N0134651,13034,2024-01-29,C/S STEERING WHEEL COVER LOOSE AND MOVING.,REPLACED STEERING WHEEL FOR COVER BEING LOOSE INSIDE.,WHEEL ASM-STRG *JET BLACK,687.11,244.54,18,16169,US,Alpha,LT1,HIGH,OUT_OF_WARRANTY,OTHER,REPLACEMENT,STEERING_WHEEL_ASSEMBLY
1HYS4RKL3SR469754,13048,2024-01-29,Rear wiper not working cust thawed out veh and jiggled the control arm a couple times then it worked after trying several timescustthinks signal is not getting fromn front to back wiring Cust has a video of the process he performed Diagnose report,Diagnose and report rear wipers inop test and found dtcs u1134u0131u1615b19f2 u1103 u1132 Check lin bus value fixed at 6 voltsnottoggling --remove rear panels and disconnect rear 3 row seat not working and rear wiper still has lin bus issue ---recheckvoltagestill stuck at 6 volts ---called tac opened case 9-11734286785 spoke with josh ---after following diagnostics for b19f2 sym00 itsaid follow other dtcs first ----he corrected issue by saying to diagnose b19f2 first ---diagnosis lead to replacement ofheatedsteering wheel ---order part ---re assemble all loose panels ----install steering wheel and clear dtcs test all acc all ok,WHEEL ASM-STRG *BLACK,1335.14,61.95,2,3801,US,Full-Size Utility,L87,HIGH,BASIC_WARRANTY,FUNCTIONAL_FAILURE,"REPLACEMENT, REPAIR, DIAGNOSTIC",STEERING_WHEEL_ASSEMBLY
3HRFFHEL3SH345370,13036,2024-01-29,"CUST STATES THE STEERING WHEEL STITCHING IS COMING APART, PLEASE CHECK AND ADVISE.",REPLACED STEERING WHEEL ASSEMBLY UNDER WARRANTY DUE TO MANFACTURER DEFECT. COMPLETE.,WHEEL ASM-STRG *VERY DARK AT,474.01,72.84,4,4004,MX,Full-Size Trucks,L87,MEDIUM,EXTENDED_WARRANTY,MATERIAL_DEGRADATION,REPLACEMENT,STEERING_WHEEL_ASSEMBLY
3HRF9EER4MH149522,13035,2024-01-30,GUEST STATES STEERING WHEEL INSERTS RIGHT AND LEFT ARE PEELING (SOP HE RE),VERIFIED CONCERN REPLACED STEERING WHEEL SPOKE COVER,APPLIQUE ASM-STRG WHL TR SPOKE CVR *VULCAN,389.71,135.54,39,61234,MX,Full-Size Trucks,LM2,MEDIUM,OUT_OF_WARRANTY,MATERIAL_DEGRADATION,REPLACEMENT,OTHER_COMPONENT
1HRS8DED5MZ161956,13042,2024-01-30,ELECTRICAL SYSTEM C S CUSTOMER STATES CRUZE CON TROL DOES NOT WORK PROPERLY YOU CAN T SEE HOW MUC H SPEED YOU AREADDINGORDECREASINGAS WELL VEH ICLE DOES NOT ADJUST SPEED WHILE HAVING A VEHICLE IN FRONT,Replaced Steering Wheel Horn Switch Wiring Harness and clock spring and Steering Wheel Airbag Coil Verified thatsteeringwheelvolumeand radio controls were working and they are now working as designed Customers concern was addressed LABOR CODE0020ST,HARNESS ASM-STRG WHL HORN SW WRG,674.27,500.07,33,38285,US,Full-Size Trucks,L84,HIGH,OUT_OF_WARRANTY,FUNCTIONAL_FAILURE,REPLACEMENT,WIRING_HARNESS
1HNSKDKD4NR281286,13035,2024-01-31,8 INFO: INFORMATION Customer states vehicle steering wheel is making a clicking noise and rattling while driving.,replaced loose applique,APPLIQUE ASM-STRG WHL TR SPOKE CVR *SYNTHESIS,121.14,96.36,21,55915,US,Full-Size Utility,L84,MEDIUM,OUT_OF_WARRANTY,NOISE_ISSUE,REPLACEMENT,OTHER_COMPONENT
3HRFFCER2NH609121,13043,2024-01-31,CUSTOMER STATES HEATED STEERING WHEEL ONLY GETS LUKEWARM NOT HOT.,REMOVED OLD STEERING WHEEL AND INSTALLED NEW ONE. TRIED NEW STEERING WHEEL AND NEW ONE HEATS PROPERLY. ALL OKAY NOW...,WHEEL ASM-STRG *BLACK,535.75,90.83,15,42217,MX,Full-Size Trucks,LM2,HIGH,OUT_OF_WARRANTY,HEATING_RELATED,OTHER,STEERING_WHEEL_ASSEMBLY
1H6DC5RK2L0132064,13036,2024-01-31,SOP IS IN PER CUSTOMER THE LEATHER WRAP ON THE BACK OF STEERING WHEEL IS LOOSE SOP IS IN APPROVED BY PRA,CORR- (0130) REPLACE STEERING WHEEL,WHEEL ASM-STRG *JET BLACK,394.83,108.0,46,13580,US,Luxury Car-2,LSY,MEDIUM,OUT_OF_WARRANTY,OTHER,REPLACEMENT,STEERING_WHEEL_ASSEMBLY
5HAERDKW8SJ224112,13039,2024-01-31,Customer states STEERING WHEEL COVER COMING OFF ON BOTTOM SIDE OF STEERING WHEEL,REPLACED STEERING WHEEL,WHEEL ASM-STRG *JET BLACK,608.01,58.43,3,4728,US,Crossover SUV,LFY,HIGH,BASIC_WARRANTY,MATERIAL_DEGRADATION,REPLACEMENT,STEERING_WHEEL_ASSEMBLY
1HKS2CKL2NR279082,13036,2024-01-31,CUSTOMER STATES THAT THE HEATED STEERING WHEEL INTERMITTENTLY DOES NOT WORK / STATES THAT THE LIGHT DOES NOT ILLUMINATE AT ALL ANDTHE STEER ING WHEEL DOES NOT HEAT---PLEASE ADVISE (CUSTOMER SHOWED ADVISOR A VID EO OF IT HAPPENING),CHECKED AND FOUND CODE -B1A4C-92-HEATED STEERING WHEEL - PERFORMANCE. CHECKED AND FOUND POWER GROUND AND SIGNAL GOING TO HEATEDSTEERING WHE EL. REMOVED AND REPLACED STEERING WHEEL CLEARED CODES AND RECHECKED.,"WHEEL ASM,STRG",365.36,129.06,21,55638,US,Full-Size Utility,L87,MEDIUM,OUT_OF_WARRANTY,"FUNCTIONAL_FAILURE, HEATING_RELATED, WARNING_SYSTEM",REPLACEMENT,STEERING_WHEEL_ASSEMBLY
3HRFFCER0NH647253,13037,2024-01-31,CUST STATES STEERING WHEEL DOES NOT HEAT UP COMPLETELY ONLY ONE SMALL SPOT SOP IN,replaced steering wheel and retest system operating as designed at this time preauth 494643400000,WHEEL ASM-STRG *JET BLACK,551.25,100.17,17,56950,MX,Full-Size Trucks,LM2,HIGH,OUT_OF_WARRANTY,HEATING_RELATED,REPLACEMENT,STEERING_WHEEL_ASSEMBLY
3HCFDHEL2SH305075,13038,2024-01-31,LEATHER ON STEERING WHEEL COMING LOOSE ON BOTTOM.,方向盘底部的皮革脱落了。拆下方向盘并更换新的。CC：0890 FC：2039PRA#490428700000 人工 OP：0130 0.50 人工,WHEEL ASM-STRG *JET BLACK,475.85,64.71,7,2428,MX,Full-Size Trucks,L87,MEDIUM,OUT_OF_WARRANTY,OTHER,OTHER,STEERING_WHEEL_ASSEMBLY
1H1FY6S0XN4126832,13060,2024-02-01,Customer states the heated steering wheel does not work,Replaced steering wheel,MODULE ASM-STRG WHL HT CONT,126.63,42.62,18,25178,US,Global Gamma,EN0,MEDIUM,OUT_OF_WARRANTY,"FUNCTIONAL_FAILURE, HEATING_RELATED",REPLACEMENT,HEATING_MODULE
1HCFDEEL5SZ298766,13040,2024-02-01,"CUSTOMER STATES HEATED STEERING WHEEL WONT HEAT UP, LIGHT WONT TURN ON","PERFORMED CIRCUIT/ SYSTEM VERIFICATION AND TESTING PER DOC ID-5316968. LEAD TO REPLACE STEERING WHEEL HEATER, SERVICE ASSTEERINGWHEEL ASSEMBLY. REMOVE AND REPLACE STEERING WHEEL ASSEMBLY, CLEARED DTCS AND VERIFIED OPERATION OF THE STEERING WHEELHEATER.0130 .5",WHEEL ASM-STRG *VERY DARK AT,622.24,88.8,3,8991,US,Full-Size Trucks,L87,HIGH,BASIC_WARRANTY,"HEATING_RELATED, WARNING_SYSTEM",REPLACEMENT,STEERING_WHEEL_ASSEMBLY
3HCFDHELXSH293533,13037,2024-02-01,C/S: steering wheel bubbling please refrence ro 400375 for pra auth 494226600000,Removed steering wheel following service information procedure and replaced steering wheel with new assembly and confirmed allfunctions work as designed Labor code 0130 Labor time .5 no diag time,WHEEL ASM-STRG *JET BLACK,490.17,79.12,5,15886,MX,Full-Size Trucks,L87,MEDIUM,EXTENDED_WARRANTY,OTHER,REPLACEMENT,STEERING_WHEEL_ASSEMBLY
5HAERAKW0MJ183761,13039,2024-02-02,"Customer states right side of steering is peeling, auth # 494344600000","ACCESSED, REMOVED AND REPLACED THE STEERING WHEEL. THE SYSTEM IS NOW OPERATING AS DESIGNED. LABOR OP0130 TIME UNITS (TU) .7.",WHEEL ASM-STRG *BLACK,440.06,91.88,34,59272,US,Crossover SUV,LFY,MEDIUM,OUT_OF_WARRANTY,MATERIAL_DEGRADATION,REPLACEMENT,STEERING_WHEEL_ASSEMBLY
2HC4YFE74R1152517,13038,2024-02-02,CUSTOMER STATES STEERING WHEEL BOTTOM IS LOOSE,REPLACED STEERING WHEEL.,WHEEL ASM-STRG *JET BLACK,319.43,55.46,2,6428,CA,Full-Size Trucks,L8T,MEDIUM,BASIC_WARRANTY,OTHER,REPLACEMENT,STEERING_WHEEL_ASSEMBLY
3HCSY9EL8NH181074,13044,2024-02-02,Customer states steering wheel de-laminating,remove and replace steering wheel,WHEEL ASM-STRG *JET BLACK,458.56,68.66,17,48548,MX,Full-Size Trucks,L87,MEDIUM,OUT_OF_WARRANTY,OTHER,REPLACEMENT,STEERING_WHEEL_ASSEMBLY
1H1FZ6S06N4112021,13044,2024-02-02,"CUSTOMER STATES HEATED STEERING WHEEL IS NOT WORKING, INSPECT AND ADVISE.",REPLACED STEERING WHEEL AND TORQUED ALL BOLTS TO SPEC. CHECKED OPEATION AND HEATED WHEEL NOW IS OPERATION.,WHEEL ASM-STRG *JET BLACK,512.28,100.1,15,27882,US,Global Gamma,EN0,HIGH,OUT_OF_WARRANTY,"FUNCTIONAL_FAILURE, HEATING_RELATED",REPLACEMENT,STEERING_WHEEL_ASSEMBLY
1HNSKRKL5SR469158,13038,2024-02-02,INSTALL SOP. Customer states THE STITCHING ON THE STEERING WHEEL IS COMING LOOSE. PRA ACCEPTED PRE-AUTHORIZATION NUMBER 493070000000,R&R STEERING WHEEL.,WHEEL ASM-STRG *JET BLACK,388.02,96.93,5,491,US,Full-Size Utility,L87,MEDIUM,EXTENDED_WARRANTY,MATERIAL_DEGRADATION,OTHER,STEERING_WHEEL_ASSEMBLY
1HKS2JKL0SR471303,13038,2024-02-02,CUSTOMER STATES SUPER CRUISE INOPERATIVE.,test drove and duplicated customers concern. found super cruise inop. found dtc b19f2 00 heated steering wheel module code in imageprocessing module. found doc id 6270800 found code was current and would not clear. found new wheel will be needed. reached out totac and found issue to be steering wheel/module. part on order. PRA 495999100000 2/2/2024 replaced steering wheel/module andcleared codes. performed test drive on i-95 and found super cruise to be fully functional after repairs.,WHEEL ASM-STRG *JET BLACK,1268.82,69.8,3,3246,US,Full-Size Utility,L87,HIGH,BASIC_WARRANTY,"FUNCTIONAL_FAILURE, DRIVER_ASSISTANCE","REPLACEMENT, REPAIR",STEERING_WHEEL_ASSEMBLY
1HYKSMRK4SZ003287,13039,2024-02-02,"CUSTOMER STATESBURR ON RIGHT SIDE OF STEERING WHEEL, STICH COMING OFF.",REPLACE STEERING WHEEL CLAIM TYPE B 0130 0.5 PRE-REPAIR AUTHORIZATI ON ID-497269600000,WHEEL ASM-STRG *BACKEN BLACKK,1480.02,108.22,9,9870,US,BEV,EN0,HIGH,OUT_OF_WARRANTY,MATERIAL_DEGRADATION,"REPLACEMENT, REPAIR",STEERING_WHEEL_ASSEMBLY
1H1FW6S05N4120118,13052,2024-02-02,"STEERING WHEEL IS NOT HEATING ANYMORE. LIGHT COMES ON BUT NO HEAT. IF TURNED OFF, AND TRY TO PUT IT BACK ON, THE LIGHT WO NTCOMEON,PLEASE CHECK FAUT FAIRE UNE PREAUTHORISATION AVANT DE CHANGER PIECE faut faire une preauthorisation avant de changer piece","SCANNER TEST, NO TROUBLE CODE. CHECK BULLETIN, NONE. DISASSEMBLE AIR BAG MODULE. DISCONNECT STEERING MODULE. CHECKCURRENTANDGROUND,OK.CONTINUE DIAG.FILES AT THE BASE OF THE HEATER AT THE STEERING ARE USER,OPEN CIRCUIT. ORDER STEERING, PART 10 DAYS. FILLED STEERING WHEEL",WHEEL ASM-STRG *JET BLACK,359.21,81.84,17,35920,US,Global Gamma,EN0,MEDIUM,OUT_OF_WARRANTY,"HEATING_RELATED, WARNING_SYSTEM",OTHER,STEERING_WHEEL_ASSEMBLY
3HRFFDER8NH522491,13039,2024-02-02,CS BLEMISH ON STEERING WHEEL SOP IN,0130.5 REPLACE STEERING WHEEL,WHEEL ASM-STRG *JET BLACK,430.11,86.07,22,62183,MX,Full-Size Trucks,LM2,MEDIUM,OUT_OF_WARRANTY,OTHER,REPLACEMENT,STEERING_WHEEL_ASSEMBLY
1HR49RE78SF167912,13041,2024-02-03,CUSTOMER STATES STEERING WHEEL LEATHER TRIM IS COMING UN-STITCHED AT THE 6 O'CLOCK POSITION. . .CLAIM APPROVED BY GM(487258100000),REMOVE AND REPLACE STEERING WHEEL,WHEEL ASM-STRG *JET BLACK,507.32,59.34,9,30941,US,Full-Size Trucks,L8T,HIGH,OUT_OF_WARRANTY,OTHER,REPLACEMENT,STEERING_WHEEL_ASSEMBLY
1HNSKRKD6RR110090,13042,2024-02-05,CUSTOMERS STATES THE STITCHING IS COMING UNDO NE ON THE STEERING,Steering Wheel Replacement,WHEEL ASM-STRG *JET BLACK,435.26,61.08,2,5666,US,Full-Size Utility,L84,MEDIUM,BASIC_WARRANTY,MATERIAL_DEGRADATION,REPLACEMENT,STEERING_WHEEL_ASSEMBLY
3HCFDDED5NH572905,13065,2024-02-05,CS STEERING WHEEL LEATHER IS COMING UNDONE AT LOWER SECTION,"AUTORIZACIÓN ACEPTADA, VOLANTE REEMPLAZADO PARA CORREGIR LA PREOCUPACIÓN",WHEEL ASM-STRG *JET BLACK,238.04,63.71,21,33819,MX,Full-Size Trucks,L84,MEDIUM,OUT_OF_WARRANTY,OTHER,OTHER,STEERING_WHEEL_ASSEMBLY
1HR49XEY6RF285876,13052,2024-02-05,General Concern [[Covered by W] service safety restraints light],REPLACED STEERING COLUMN HARNESS WITH ADDITIONAL AIR BAG,HARNESS ASM-STRG WHL HORN SW WRG,1166.27,190.58,3,9088,US,Full-Size Trucks,L5P,HIGH,BASIC_WARRANTY,WARNING_SYSTEM,REPLACEMENT,WIRING_HARNESS
3HNKBCR47NS151581,13039,2024-02-05,steering wheel bezel bubbling SOP IN,replaced steering wheel,WHEEL ASM-STRG *JET BLACK,284.89,57.2,23,58324,MX,Crossover SUV,LSY,MEDIUM,OUT_OF_WARRANTY,OTHER,REPLACEMENT,STEERING_WHEEL_ASSEMBLY
3HCFDEED0SH124676,13045,2024-02-05,HEATED STEERING WHEEL WHEN ENGAGED WILL TURN ON AND GO BACK OFF,INSPECT AND FOUND CODE B1A4C- FOLLOWING SERVICE PROCEDURES-FOUND STEERING WHEEL HEATER SHORTED-REPLACE STEERING WHEEL ASSEMBLY,WHEEL ASM-STRG *JET BLACK,482.78,119.23,2,11537,MX,Full-Size Trucks,L84,MEDIUM,BASIC_WARRANTY,HEATING_RELATED,REPLACEMENT,STEERING_WHEEL_ASSEMBLY
1HNSKCKDXNR189867,13039,2024-02-05,CUSTOMER STATES NEW HEATED STEERING WHEEL INSTALLED AS RETROFIT ON R.O. 22330 IN COMING APART TOWARDS BOTTOM OF STEERING WHEEL,removed and replaced steering wheel,WHEEL ASM-STRG *JET BLACK,256.11,66.33,25,37708,US,Full-Size Utility,L84,MEDIUM,OUT_OF_WARRANTY,"MATERIAL_DEGRADATION, HEATING_RELATED",REPLACEMENT,STEERING_WHEEL_ASSEMBLY
1HKKNLLS4SZ248206,13045,2024-02-05,RE&RE STEERING WHEEL. PART IS HERE,"INSPECTED STEERING WHEEL AND FOUND LEATHER UNDER STITCHING AT LEFT HAN D THUMB GRIP TO HAVE STARTED TO LIFT. PICTURES OFWHEELTAKEN, REPLACE ORDERED STEERING WHEEL PRA 496611700000",WHEEL ASM-STRG *BLACK,402.08,31.93,5,11781,US,Crossover SUV,LGX,MEDIUM,EXTENDED_WARRANTY,OTHER,REPLACEMENT,STEERING_WHEEL_ASSEMBLY
3HRS9EED0LH255650,13041,2024-02-07,CUSTOMER STATES THE FINISH ON THE STEERING WHEEL IS COMING OFF AND IT GETS REALLY STICKY WHEN IT GETS HOT OUT,REPLACED APPLIQUE,APPLIQUE ASM-STRG WHL TR SPOKE CVR *SYNTHESIS,120.37,88.31,13,17008,US,Full-Size Utility,L84,MEDIUM,OUT_OF_WARRANTY,MATERIAL_DEGRADATION,REPLACEMENT,OTHER_COMPONENT
1HYKNHRS6MZ221833,13041,2024-02-07,CUSTOMER STATES that the steering is very tight and you can hear it rubbing in the steering column when you turn PRA 497110800000,REPLACED STEERING WHEEL COMPLETEDLOP 0130 TIME .4,WHEEL ASM-STRG *BLACK,1026.53,59.88,32,35451,US,Global Crossover Vehicles,LGX,HIGH,OUT_OF_WARRANTY,NOISE_ISSUE,REPLACEMENT,STEERING_WHEEL_ASSEMBLY
1HYKSSRL4SZ003381,13048,2024-02-07,cs driver assistance warning light is coming on while driving,replace steering wheel,WHEEL ASM-STRG *BACKEN BLACKK,1474.06,118.9,8,13393,US,BEV,EN0,HIGH,OUT_OF_WARRANTY,"WARNING_SYSTEM, DRIVER_ASSISTANCE",REPLACEMENT,STEERING_WHEEL_ASSEMBLY
1HKKNXLS3SZ128369,13044,2024-02-07,CUSTOMER STATESCUSTOMER STATES VEHICLE STEERING WHEEL COMING APART IN OP CHECK AND ADVISE SOP STEERING WHEEL IN CHECK AND ADVISE,REPLACE STEERING WHEEL PRA 496735300000,WHEEL ASM-STRG *BLACK,481.95,86.57,12,25341,US,Crossover SUV,LGX,MEDIUM,OUT_OF_WARRANTY,MATERIAL_DEGRADATION,REPLACEMENT,STEERING_WHEEL_ASSEMBLY
1HC4WLE78RF260518,13045,2024-02-07,CUSTOMER STATES THERE IS CLICKING TYPE NOISE COMING FROM STEERING WHEEL WHEN TURNING.E,REMOVED STEERING WHEEL AND DISASSEMBLED AND FOUND SCREW FLOATING AROUND BEHIND COVER REMOVED AND REASSEMBLED AND NOISE IS NO LONGERPRESENT,UNKNOWN,101.85,101.85,4,13,US,Full-Size Trucks,L8T,MEDIUM,EXTENDED_WARRANTY,NOISE_ISSUE,OTHER,UNKNOWN
1HKKNXLS8MZ121378,13041,2024-02-07,11BUZ MINOR ELECTRICAL CUST STATES STITCHING COMING APART FROM STEERING WHEEL REPLACE STEERING WHEEL (SOP HERE) 7440130 .4 PRE AUTH# 493358100000,R&R steering wheel for bad stitching. -returned old wheel to parts department for warranty.,WHEEL ASM-STRG *DARK GALVANIE,524.56,54.27,38,48660,US,Crossover SUV,LGX,HIGH,OUT_OF_WARRANTY,MATERIAL_DEGRADATION,OTHER,STEERING_WHEEL_ASSEMBLY
